Date,Low,Close,High,Volume,Open,Adj Close
2015-01-02,69.73,70.12,70.91,1766894.0,70.59,66.4099
2015-01-05,68.64,68.73,69.78,2905053.0,69.68,65.0934
2015-01-06,68.45,68.68,69.61,2626848.0,69.03,65.0461
2015-01-07,68.82,69.81,69.85,2090185.0,69.4,66.1163
2015-01-08,70.21,71.15,71.15,2967847.0,70.25,67.3854
2015-01-09,70.37,70.42,71.12,2078266.0,71.08,66.694
2015-01-12,69.5601,69.7,70.62,1513094.0,70.36,66.0121
2015-01-13,69.56,70.12,71.19,2241008.0,70.3,66.4099
2015-01-14,68.84,69.43,69.8,2692414.0,68.96,65.7564
2015-01-15,69.12,69.23,69.88,2058231.0,69.44,65.567
2015-01-16,69.5,70.84,70.88,2182835.0,69.82,67.0918
2015-01-20,69.89,70.36,71.24,2113660.0,71.16,66.6372
2015-01-21,69.61,70.3,70.695,1928389.0,70.09,66.5804
2015-01-22,70.39,71.95,72.11,2523003.0,70.67,68.1431
2015-01-23,71.405,71.43,72.11,1746693.0,72.08,67.6506
2015-01-26,71.06,71.73,71.765,1663495.0,71.27,67.9347
2015-01-27,70.92,71.44,71.79,1526166.0,71.04,67.66
2015-01-28,70.3,70.32,72.535,2539168.0,71.65,66.5993
2015-01-29,70.27,71.05,71.25,2854998.0,70.52,67.2907
2015-01-30,69.7,69.79,70.84,2486684.0,70.49,66.0973
2015-02-02,69.17,70.91,70.99,3005612.0,69.74,67.1581
2015-02-03,70.51,72.03,72.06,2988068.0,71.16,68.2188
2015-02-04,71.72,72.58,72.87,3677035.0,71.8,68.7397
2015-02-05,69.04,72.3,72.52,4825039.0,69.68,68.4745
2015-02-06,70.72,70.93,72.21,4198115.0,72.0,67.177
2015-02-09,69.845,70.03,70.69,3555235.0,70.32,66.3246
2015-02-10,69.65,70.05,70.59,3063724.0,70.55,66.3436
2015-02-11,69.99,71.18,71.415,3840035.0,70.14,67.4138
2015-02-12,71.16,71.57,71.69,2063370.0,71.24,67.7832
2015-02-13,71.14,71.46,71.74,2016872.0,71.37,67.679
2015-02-17,71.14,71.27,71.86,2027031.0,71.48,67.499
2015-02-18,70.51,70.71,71.23,2446242.0,71.07,66.9687
2015-02-19,70.59,71.17,71.27,2001889.0,70.65,67.4043
2015-02-20,70.47,71.6,71.72,2121043.0,71.09,67.8116
2015-02-23,71.05,71.26,71.4,1814787.0,71.37,67.4896
2015-02-24,71.07,71.67,71.87,1847960.0,71.07,67.8779
2015-02-25,71.09,71.12,71.77,2083824.0,71.54,67.357
2015-02-26,70.87,71.31,71.42,1903381.0,70.87,67.821
2015-02-27,70.59,70.6,71.27,2199551.0,71.07,67.1458
2015-03-02,70.57,70.98,71.18,1687785.0,70.67,67.5072
2015-03-03,70.27,70.49,70.9,1910307.0,70.65,67.0412
2015-03-04,69.49,69.5,70.2302,2343967.0,70.13,66.0996
2015-03-05,69.3,69.56,69.91,3138006.0,69.79,66.1567
2015-03-06,68.855,69.14,69.97,2637651.0,69.36,65.7572
2015-03-09,68.75,69.59,69.75,1855977.0,68.88,66.1852
2015-03-10,68.38,68.39,69.14,2164937.0,68.93,65.0439
2015-03-11,68.4301,69.09,69.44,2382467.0,68.73,65.7097
2015-03-12,69.33,70.4,70.42,1635454.0,69.4,66.9556
2015-03-13,69.25,69.56,70.22,1954999.0,70.02,66.1567
2015-03-16,69.9,70.49,70.65,2061673.0,70.02,67.0412
2015-03-17,69.64,69.98,70.21,3156713.0,70.1,66.5561
2015-03-18,69.49,70.62,70.9,2683198.0,70.18,67.1648
2015-03-19,70.32,70.6,71.27,2623199.0,70.7,67.1458
2015-03-20,70.69,71.46,71.636,4189883.0,70.81,67.9637
2015-03-23,71.8,71.89,72.33,2478874.0,71.84,68.3727
2015-03-24,71.07,71.34,71.89,2522270.0,71.73,67.8496
2015-03-25,70.49,70.55,71.55,2055024.0,71.55,67.0982
2015-03-26,69.98,70.2,70.535,1933879.0,70.3,66.7654
2015-03-27,69.89,70.05,70.37,1734138.0,70.18,66.6227
2015-03-30,70.09,70.95,71.37,2331667.0,70.36,67.4787
2015-03-31,70.08,71.17,71.3,3560710.0,70.48,67.6879
2015-04-01,70.96,71.29,71.9,3369665.0,71.18,67.802
2015-04-02,71.14,71.45,71.65,1971936.0,71.29,67.9542
2015-04-06,70.87,72.12,72.51,2408650.0,71.07,68.5914
2015-04-07,71.47,71.47,72.4,1310821.0,72.15,67.9732
2015-04-08,71.44,71.58,72.0,2109001.0,71.6,68.0778
2015-04-09,71.61,71.9,72.01,1828325.0,71.61,68.3822
2015-04-10,71.64,72.03,72.24,1475145.0,72.0,68.5058
2015-04-13,71.67,71.98,72.39,1465846.0,71.67,68.4583
2015-04-14,71.38,71.5,72.1,2263205.0,71.91,68.0017
2015-04-15,71.61,71.94,72.27,1810251.0,71.61,68.4202
2015-04-16,71.51,72.04,72.31,1490136.0,71.86,68.5153
2015-04-17,70.58,70.87,71.57,3084269.0,71.48,67.4026
2015-04-20,71.24,71.35,71.67,1571170.0,71.32,67.8591
2015-04-21,70.72,70.82,71.54,1566501.0,71.33,67.355
2015-04-22,70.4,70.88,71.0162,1719445.0,70.77,67.4121
2015-04-23,70.6,70.81,71.275,1917036.0,70.68,67.3455
2015-04-24,70.48,70.95,71.12,1592418.0,70.63,67.4787
2015-04-27,70.22,70.31,71.2999,2185545.0,71.28,66.87
2015-04-28,70.09,70.69,70.98,1745992.0,70.24,67.2314
2015-04-29,69.75,70.25,70.74,2132439.0,70.25,66.8129
2015-04-30,69.331,69.66,70.3841,3440781.0,70.14,66.2518
2015-05-01,69.795,69.95,70.35,2423249.0,70.13,66.5276
2015-05-04,69.66,69.82,70.18,4123396.0,70.0,66.4039
2015-05-05,69.62,70.0,70.325,2513109.0,69.62,66.5751
2015-05-06,66.9,67.31,69.25,9737345.0,68.88,64.0167
2015-05-07,66.98,67.72,67.86,4320168.0,67.23,64.4067
2015-05-08,67.09,67.27,68.5,3632591.0,68.4,63.9787
2015-05-11,66.69,66.87,67.4,3425311.0,67.27,63.5983
2015-05-12,66.62,66.91,67.1,2510479.0,66.73,63.6363
2015-05-13,66.56,66.99,67.045,2458257.0,66.69,63.7124
2015-05-14,67.19,67.64,67.67,2061778.0,67.21,64.3306
2015-05-15,67.47,67.6,68.02,1683638.0,67.63,64.2926
2015-05-18,67.61,68.09,68.2,1444040.0,67.65,64.7586
2015-05-19,68.04,68.75,68.85,2560709.0,68.28,65.3863
2015-05-20,68.13,68.73,68.85,2607405.0,68.65,65.3673
2015-05-21,67.88,68.1,68.608,2538855.0,68.42,64.7681
2015-05-22,67.58,67.6,68.09,1807691.0,68.03,64.2926
2015-05-26,67.14,67.38,67.52,2563727.0,67.41,64.0833
2015-05-27,67.1,67.61,67.82,2056981.0,67.43,64.5874
2015-05-28,67.4,67.8,67.94,2044246.0,67.4,64.7689
2015-05-29,67.31,67.32,67.82,1990220.0,67.69,64.3104
2015-06-01,66.9,66.92,67.98,2633289.0,67.65,63.9282
2015-06-02,66.8,67.13,67.42,2332775.0,66.92,64.1289
2015-06-03,67.13,67.72,67.81,1774038.0,67.34,64.6925
2015-06-04,66.955,67.05,67.68,2392353.0,67.38,64.0524
2015-06-05,66.46,66.48,67.65,1851253.0,67.41,63.5079
2015-06-08,65.8,65.82,66.7892,1990938.0,66.55,62.8774
2015-06-09,65.6,65.71,66.25,2205875.0,65.82,62.7723
2015-06-10,65.9001,66.91,67.02,2419975.0,65.92,63.9187
2015-06-11,66.92,67.49,67.49,2069636.0,67.05,64.4728
2015-06-12,67.07,67.37,67.49,1819832.0,67.18,64.3581
2015-06-15,66.65,66.67,67.22,1940443.0,66.86,63.6894
2015-06-16,66.44,67.33,67.44,1690135.0,66.57,64.3199
2015-06-17,66.95,67.18,67.57,1511218.0,67.46,64.1766
2015-06-18,67.335,68.35,68.47,2905857.0,67.38,65.2943
2015-06-19,66.45,66.45,68.29,5041529.0,68.15,63.4793
2015-06-22,66.01,66.28,66.9,4124685.0,66.01,63.3169
2015-06-23,66.18,66.36,66.52,2484211.0,66.41,63.3933
2015-06-24,65.93,65.95,66.41,2683707.0,66.36,63.0016
2015-06-25,65.03,65.03,66.2797,3805781.0,66.19,62.1227
2015-06-26,65.24,65.83,66.07,3079265.0,65.42,62.887
2015-06-29,64.62,64.68,65.54,2718301.0,65.25,61.7884
2015-06-30,64.83,64.87,65.605,3121241.0,65.35,61.9699
2015-07-01,65.225,65.49,66.53,4657672.0,65.8,62.5622
2015-07-02,64.89,64.99,65.7,2818082.0,65.48,62.0845
2015-07-06,64.24,64.81,64.91,2782900.0,64.3,61.9126
2015-07-07,64.44,65.74,65.77,2943920.0,64.79,62.801
2015-07-08,64.85,64.92,65.64,2631898.0,65.25,62.0177
2015-07-09,65.25,65.41,65.7699,2358893.0,65.76,62.4857
2015-07-10,65.76,66.19,66.35,2231371.0,66.05,63.2309
2015-07-13,66.765,67.25,67.3454,2421425.0,67.18,64.2435
2015-07-14,66.95,67.59,67.72,2257163.0,66.95,64.5683
2015-07-15,67.44,68.06,68.07,2424190.0,67.6,65.0173
2015-07-16,67.64,67.98,68.49,1978416.0,68.34,64.9409
2015-07-17,67.17,67.59,67.87,2628511.0,67.84,64.5683
2015-07-20,67.1138,67.71,67.945,2345586.0,67.47,64.6829
2015-07-21,67.37,67.7,68.11,1963308.0,67.76,64.6734
2015-07-22,67.501,68.37,68.46,2525034.0,67.7,65.3134
2015-07-23,68.2,68.36,68.66,2112818.0,68.4,65.3039
2015-07-24,68.1827,68.32,68.64,1855753.0,68.25,65.2657
2015-07-27,67.94,68.4,68.63,2622922.0,67.96,65.3421
2015-07-28,68.275,68.58,68.81,1855491.0,68.79,65.514
2015-07-29,68.47,69.04,69.06,2191593.0,68.5,65.9535
2015-07-30,68.72,69.16,69.2801,1371927.0,68.85,66.0681
2015-07-31,68.86,68.95,69.48,1643661.0,69.31,65.8675
2015-08-03,68.73,69.38,69.4,2100552.0,69.12,66.2783
2015-08-04,61.0,62.34,64.67,13214958.0,64.06,59.553
2015-08-05,62.33,62.5,63.28,6580934.0,62.9,59.7058
2015-08-06,61.59,61.97,63.065,3843591.0,62.86,59.1995
2015-08-07,61.65,62.54,62.59,3561040.0,61.8,59.7441
2015-08-10,62.85,63.1,63.6,3748281.0,63.13,60.279
2015-08-11,62.76,63.47,63.54,2719474.0,62.76,60.6325
2015-08-12,62.74,63.61,63.78,2958616.0,62.93,60.7662
2015-08-13,63.44,63.49,64.04,2261465.0,63.62,60.6516
2015-08-14,63.21,63.86,63.87,2221561.0,63.32,61.005
2015-08-17,63.43,63.85,64.12,2068118.0,63.75,60.9955
2015-08-18,63.47,63.57,63.93,2504008.0,63.74,60.728
2015-08-19,63.07,63.66,64.03,2990402.0,63.41,60.814
2015-08-20,62.66,62.7,63.14,2536518.0,63.14,59.8969
2015-08-21,61.23,61.25,62.48,3651476.0,62.31,58.5117
2015-08-24,54.12,58.39,60.31,4384998.0,60.11,55.7796
2015-08-25,56.99,56.99,59.92,4644295.0,59.92,54.4422
2015-08-26,56.68,57.4,58.59,7043372.0,58.16,54.8338
2015-08-27,57.51,58.74,59.02,4787091.0,57.64,56.4005
2015-08-28,58.26,58.63,58.95,2990609.0,58.55,56.2949
2015-08-31,58.08,58.28,58.5,2829062.0,58.33,55.9588
2015-09-01,56.8,57.14,57.46,3470757.0,57.01,54.8643
2015-09-02,57.3,57.93,57.94,2777911.0,57.75,55.6228
2015-09-03,57.82,57.98,58.55,2177239.0,58.01,55.6708
2015-09-04,56.77,57.04,57.69,2341888.0,57.45,54.7682
2015-09-08,57.67,58.2,58.24,2231560.0,57.84,55.882
2015-09-09,57.24,57.35,58.84,2561895.0,58.66,55.0659
2015-09-10,57.01,57.67,58.04,2597466.0,57.24,55.3731
2015-09-11,57.31,58.14,58.21,2727660.0,57.41,55.8244
2015-09-14,58.0,58.24,58.31,2100276.0,58.29,55.9204
2015-09-15,58.23,58.98,59.2583,3461735.0,58.39,56.631
2015-09-16,58.81,59.2,59.34,3590130.0,59.04,56.8422
2015-09-17,58.825,58.99,59.81,4738366.0,59.25,56.6406
2015-09-18,57.44,57.57,58.53,5226672.0,58.04,55.2771
2015-09-21,57.95,58.56,58.875,2514377.0,58.15,56.2277
2015-09-22,57.69,58.1,58.21,2413483.0,58.16,55.786
2015-09-23,58.03,58.51,58.67,2412624.0,58.04,56.1797
2015-09-24,57.77,58.59,58.81,2582471.0,58.12,56.2565
2015-09-25,58.87,58.99,59.92,3897129.0,59.12,56.6406
2015-09-28,57.46,57.74,58.77,3516358.0,58.53,55.4404
2015-09-29,57.47,58.36,58.44,3909619.0,57.73,56.0357
2015-09-30,57.79,58.24,58.97,3891220.0,58.87,55.9204
2015-10-01,57.33,57.97,58.44,3856241.0,58.25,55.6612
2015-10-02,56.97,59.15,59.15,3170661.0,57.14,56.7942
2015-10-05,59.42,59.9,60.14,2173963.0,59.46,57.5143
2015-10-06,59.59,59.88,60.27,2154792.0,59.74,57.4951
2015-10-07,59.82,60.04,60.7,2422937.0,60.2,57.6488
2015-10-08,59.74,61.12,61.23,2474983.0,59.88,58.6857
2015-10-09,60.31,60.44,61.33,2438182.0,61.17,58.0328
2015-10-12,60.44,60.91,61.14,1401807.0,60.54,58.4841
2015-10-13,60.62,60.64,61.14,1649807.0,60.73,58.2249
2015-10-14,59.78,59.86,60.6,2427049.0,60.5,57.4759
2015-10-15,60.265,61.59,61.6932,2906940.0,60.43,59.137
2015-10-16,60.66,61.2,61.51,3285033.0,61.44,58.7626
2015-10-19,60.8,61.59,61.65,2427221.0,61.03,59.137
2015-10-20,61.38,61.44,62.22,3255867.0,61.64,58.993
2015-10-21,60.58,60.65,61.97,4371513.0,61.64,58.2345
2015-10-22,60.62,61.55,61.64,2836249.0,61.0,59.0986
2015-10-23,61.49,61.68,61.995,3194437.0,61.92,59.2234
2015-10-26,61.59,61.82,62.09,2260592.0,61.83,59.3579
2015-10-27,60.211,60.29,61.59,4572738.0,61.39,57.8888
2015-10-28,60.47,62.31,62.31,3851177.0,60.61,59.8283
2015-10-29,62.07,62.79,62.934,2700979.0,62.16,60.2892
2015-10-30,61.85,61.88,62.94,3913475.0,62.84,59.4155
2015-11-02,61.45,61.8,62.33,5335727.0,62.1,59.3387
2015-11-03,61.64,63.16,63.36,6269132.0,62.92,60.6445
2015-11-04,62.23,62.89,63.31,3658144.0,63.1,60.3852
2015-11-05,62.9,63.55,63.715,3230957.0,62.96,61.019
2015-11-06,63.42,64.07,64.495,3067585.0,63.99,61.5182
2015-11-09,63.21,63.52,64.05,2453975.0,64.03,60.9902
2015-11-10,63.12,63.32,63.64,1813049.0,63.49,60.7981
2015-11-11,63.01,63.12,63.54,1452379.0,63.52,60.6061
2015-11-12,62.28,62.55,62.88,3045885.0,62.43,60.0588
2015-11-13,62.242,62.41,62.8301,2312069.0,62.54,59.9244
2015-11-16,62.075,63.12,63.12,2566861.0,62.23,60.6061
2015-11-17,62.645,62.71,63.4834,2153557.0,63.13,60.2124
2015-11-18,62.75,63.5,63.62,2085924.0,62.75,60.9709
2015-11-19,63.21,63.37,63.615,1660357.0,63.49,60.8461
2015-11-20,63.16,63.34,63.92,3078548.0,63.3,60.8173
2015-11-23,62.96,63.11,63.4,2201012.0,63.35,60.5965
2015-11-24,62.55,62.94,63.16,1621887.0,62.79,60.4333
2015-11-25,62.345,62.43,62.94,1746089.0,62.82,60.2316
2015-11-27,62.44,62.84,62.91,821492.0,62.54,60.6272
2015-11-30,62.55,62.76,63.15,3012472.0,62.97,60.55
2015-12-01,63.26,63.5,64.23,3411325.0,63.34,61.2639
2015-12-02,62.81,62.89,63.67,2680912.0,63.55,60.6754
2015-12-03,62.49,62.77,63.27,3197882.0,62.95,60.5596
2015-12-04,62.96,64.49,64.58,2647478.0,62.97,62.2191
2015-12-07,64.19,64.39,64.69,2675481.0,64.35,62.1226
2015-12-08,63.67,63.86,64.38,2433634.0,64.37,61.6113
2015-12-09,62.73,62.9,64.08,2561153.0,63.5,60.6851
2015-12-10,62.3,62.48,63.075,2417128.0,62.91,60.2799
2015-12-11,61.18,61.47,62.12,2120675.0,61.69,59.3054
2015-12-14,60.92,61.39,62.12,2356176.0,61.58,59.2282
2015-12-15,61.72,62.7,63.0,3020379.0,61.79,60.4921
2015-12-16,62.53,63.38,63.5,2177307.0,63.28,61.1482
2015-12-17,62.37,62.37,63.41,2161643.0,63.41,60.1737
2015-12-18,60.76,61.33,62.11,6562381.0,62.11,59.1703
2015-12-21,60.94,61.3,61.9,3117421.0,61.56,59.1414
2015-12-22,61.25,62.5,62.67,2203323.0,61.71,60.2991
2015-12-23,62.68,62.89,63.02,1916301.0,62.68,60.6754
2015-12-24,62.68,63.14,63.45,1298653.0,62.83,60.9166
2015-12-28,62.3299,62.64,63.06,1833335.0,63.01,60.4342
2015-12-29,62.86,63.19,63.49,1496014.0,63.09,60.9649
2015-12-30,62.765,62.81,63.34,1522983.0,63.15,60.5982
2015-12-31,62.07,62.09,62.7651,1573616.0,62.62,59.9036
2016-01-04,59.92,60.67,60.98,3339170.0,60.88,58.5336
2016-01-05,60.39,60.53,60.97,2808796.0,60.71,58.3985
2016-01-06,59.6,59.85,60.2,2868372.0,59.79,57.7425
2016-01-07,58.31,58.44,59.66,3982556.0,58.79,56.3821
2016-01-08,58.14,58.23,58.941,2883975.0,58.8,56.1795
2016-01-11,57.59,58.02,58.63,3037291.0,58.39,55.9769
2016-01-12,57.81,58.65,58.7399,2957902.0,58.43,56.5847
2016-01-13,57.82,57.91,59.35,4225569.0,58.82,55.8708
2016-01-14,57.97,58.42,59.18,3193336.0,57.97,56.3628
2016-01-15,56.03,58.13,58.56,5060193.0,56.91,56.083
2016-01-19,58.06,58.44,59.35,3082941.0,59.02,56.3821
2016-01-20,57.14,57.99,58.48,4685457.0,57.5,55.948
2016-01-21,57.82,58.15,58.66,3858001.0,58.21,56.1023
2016-01-22,58.2,58.53,59.0,2699576.0,58.91,56.4689
2016-01-25,57.62,57.7,58.46,3852370.0,58.31,55.6682
2016-01-26,57.88,58.18,58.68,2185096.0,58.05,56.1313
2016-01-27,58.03,58.41,59.375,2891332.0,58.18,56.3532
2016-01-28,58.42,59.22,59.4979,3191031.0,58.83,57.1347
2016-01-29,59.43,60.6,60.61,3799209.0,59.68,58.4661
2016-02-01,59.82,60.53,60.83,2667519.0,60.14,58.3985
2016-02-02,59.76,59.97,60.5,2540585.0,60.01,57.8582
2016-02-03,58.29,59.64,60.29,4765228.0,60.29,57.5399
2016-02-04,60.475,62.05,62.2,5519955.0,60.475,59.865
2016-02-05,62.09,63.37,63.52,4617492.0,62.09,61.1385
2016-02-08,62.355,63.33,63.54,3008508.0,62.87,61.0999
2016-02-09,62.45,63.01,63.26,3743744.0,62.81,60.7912
2016-02-10,62.89,62.98,63.94,2987480.0,63.27,60.7622
2016-02-11,61.7,62.32,62.655,3020007.0,61.95,60.1255
2016-02-12,62.86,63.91,64.31,3615267.0,63.02,61.6595
2016-02-16,63.845,64.57,64.72,3502476.0,64.47,62.2963
2016-02-17,64.69,65.02,65.2899,3342656.0,64.69,62.7304
2016-02-18,64.07,64.3,65.0,4086419.0,64.91,62.0358
2016-02-19,63.8,64.0,64.44,4300104.0,63.89,61.7463
2016-02-22,64.2,64.44,64.6,2513674.0,64.5,62.1708
2016-02-23,63.56,63.73,64.31,1973511.0,64.31,61.4858
2016-02-24,62.78,63.95,64.125,2366705.0,63.35,61.6981
2016-02-25,63.67,64.41,64.44,1935492.0,63.92,62.4603
2016-02-26,64.21,64.32,64.71,2391399.0,64.53,62.373
2016-02-29,63.45,63.46,64.305,2284084.0,64.12,61.539
2016-03-01,63.59,64.81,64.81,2167703.0,63.84,62.8482
2016-03-02,64.64,65.41,65.42,2215904.0,64.73,63.43
2016-03-03,65.0,65.31,65.47,1985356.0,65.4,63.333
2016-03-04,64.85,65.38,65.59,1629377.0,65.3,63.4009
2016-03-07,64.75,65.03,65.32,1609161.0,64.81,63.0615
2016-03-08,64.53,64.58,65.035,1789658.0,64.76,62.6251
2016-03-09,64.33,64.53,64.92,1496694.0,64.79,62.5766
2016-03-10,63.73,64.26,65.02,3071393.0,64.59,62.3148
2016-03-11,64.71,65.52,65.71,2235342.0,64.93,63.5367
2016-03-14,64.53,64.95,65.41,1744665.0,65.19,62.9839
2016-03-15,64.38,65.92,66.055,2368178.0,64.51,63.9246
2016-03-16,65.47,66.28,66.53,2162969.0,65.72,64.2737
2016-03-17,66.07,67.2,67.45,2338034.0,66.33,65.1658
2016-03-18,66.66,67.23,67.76,3777239.0,67.4,65.1949
2016-03-21,66.59,66.84,67.16,1258002.0,66.93,64.8167
2016-03-22,66.67,66.92,67.24,1551519.0,66.9,64.8943
2016-03-23,66.52,66.66,67.01,2080461.0,66.91,64.6422
2016-03-24,65.94,66.19,66.485,1396720.0,66.47,64.1864
2016-03-28,66.21,66.82,66.99,1730218.0,66.34,64.7973
2016-03-29,66.53,67.16,67.25,2484247.0,66.82,65.127
2016-03-30,67.145,67.72,67.9,1803014.0,67.26,65.6701
2016-03-31,67.25,67.37,67.92,1692598.0,67.75,65.3307
2016-04-01,67.015,68.23,68.33,1479085.0,67.24,66.1646
2016-04-04,67.52,67.64,68.24,1323252.0,68.15,65.5925
2016-04-05,66.64,66.7,67.41,1712072.0,67.32,64.681
2016-04-06,66.5,67.03,67.17,1624452.0,66.65,65.001
2016-04-07,66.03,66.28,66.81,1603477.0,66.49,64.2737
2016-04-08,66.68,66.84,67.45,1695175.0,66.82,64.8167
2016-04-11,66.78,66.79,67.48,1683366.0,66.83,64.7682
2016-04-12,66.62,67.21,67.4,1571298.0,66.75,65.1755
2016-04-13,66.82,67.53,67.89,1687623.0,67.54,65.4858
2016-04-14,66.58,66.67,67.47,2457493.0,67.15,64.6519
2016-04-15,66.25,66.6,67.1,2779150.0,66.64,64.584
2016-04-18,66.3,67.3,67.33,1968905.0,66.49,65.2628
2016-04-19,67.37,67.53,67.907,1471943.0,67.57,65.4858
2016-04-20,66.62,66.92,67.69,1446155.0,67.69,64.8943
2016-04-21,65.24,65.45,66.57,3295891.0,65.4,63.4688
2016-04-22,65.355,65.74,66.07,1743298.0,65.44,63.75
2016-04-25,64.98,65.61,65.74,1528953.0,65.74,63.6239
2016-04-26,65.39,65.87,66.01,1775711.0,65.79,63.8761
2016-04-27,65.28,65.51,65.95,1540138.0,65.86,63.527
2016-04-28,64.795,64.95,65.55,1482820.0,65.02,62.9839
2016-04-29,64.36,65.05,65.23,2180409.0,64.83,63.0809
2016-05-02,65.01,65.36,65.58,2004543.0,65.58,63.3815
2016-05-03,64.67,65.41,65.59,1865875.0,64.8,63.43
2016-05-04,64.59,65.28,65.55,2936089.0,64.82,63.3039
2016-05-05,67.05,67.87,69.24,4521612.0,68.09,65.8155
2016-05-06,66.58,67.1,67.55,2213634.0,67.5,65.0688
2016-05-09,66.87,67.21,67.65,1836056.0,67.1,65.1755
2016-05-10,67.35,67.98,68.0,2249067.0,67.58,65.9222
2016-05-11,67.32,67.35,67.975,2056691.0,67.68,65.3113
2016-05-12,67.08,67.54,67.77,1917338.0,67.57,65.4955
2016-05-13,67.28,67.38,67.78,1736059.0,67.65,65.3404
2016-05-16,67.125,67.55,67.79,2019819.0,67.19,65.5052
2016-05-17,66.89,67.1,67.71,2015370.0,67.51,65.0688
2016-05-18,66.76,67.36,67.59,2444536.0,66.84,65.321
2016-05-19,66.5875,66.84,67.25,2160702.0,66.98,64.8167
2016-05-20,66.96,67.15,67.71,1889053.0,67.11,65.1173
2016-05-23,66.68,66.88,67.21,1331319.0,67.09,64.8555
2016-05-24,66.99,67.44,67.75,1840182.0,67.27,65.3986
2016-05-25,67.205,67.28,67.83,1715625.0,67.68,65.2434
2016-05-26,67.15,67.51,67.58,1229784.0,67.28,65.4664
2016-05-27,67.46,67.68,67.87,839925.0,67.56,65.6313
2016-05-31,67.17,67.52,67.96,3554417.0,67.75,65.4761
2016-06-01,66.67,67.44,67.5,1498493.0,66.9,65.7186
2016-06-02,67.11,67.44,67.44,1153054.0,67.29,65.7186
2016-06-03,66.64,67.43,67.705,1625737.0,67.02,65.7088
2016-06-06,67.42,67.62,68.02,1959601.0,67.53,65.894
2016-06-07,67.32,67.43,67.88,1484744.0,67.72,65.7088
2016-06-08,67.11,67.68,67.88,1645524.0,67.21,65.9524
2016-06-09,67.37,67.79,67.96,1456741.0,67.49,66.0596
2016-06-10,67.13,67.46,67.86,1636568.0,67.17,65.7381
2016-06-13,66.86,66.88,67.87,1761425.0,67.44,65.1729
2016-06-14,66.42,66.69,67.04,1465321.0,66.83,64.9877
2016-06-15,65.81,65.87,66.95,1991019.0,66.75,64.1886
2016-06-16,65.45,66.47,66.57,1565173.0,65.49,64.7733
2016-06-17,66.03,66.42,66.535,1858851.0,66.44,64.7246
2016-06-20,66.545,66.57,67.285,1120182.0,67.05,64.8708
2016-06-21,66.57,66.8,67.0,1306211.0,66.83,65.0949
2016-06-22,66.76,67.02,67.4424,1153738.0,66.9,65.3093
2016-06-23,67.42,67.86,67.86,2030630.0,67.61,66.1278
2016-06-24,65.32,66.26,66.98,3908808.0,65.58,64.5687
2016-06-27,65.27,66.06,66.285,3106576.0,65.74,64.3738
2016-06-28,66.33,67.73,67.74,3001505.0,66.65,66.0012
2016-06-29,67.53,68.47,68.53,3098337.0,67.99,66.7223
2016-06-30,68.52,69.95,69.95,2637984.0,68.54,68.1645
2016-07-01,69.48,69.56,69.95,1971627.0,69.95,67.7844
2016-07-05,69.036,69.31,69.75,2234850.0,69.29,67.5408
2016-07-06,69.05,69.46,69.68,2210319.0,69.12,67.687
2016-07-07,68.79,68.94,69.77,1928906.0,69.45,67.1803
2016-07-08,69.06,69.66,69.69,1675561.0,69.68,67.8819
2016-07-11,69.51,69.94,70.12,1698173.0,69.66,68.1547
2016-07-12,69.58,69.6,70.38,2316878.0,70.25,67.8234
2016-07-13,69.22,69.28,69.75,2002685.0,69.71,67.5116
2016-07-14,69.25,69.31,69.92,1454451.0,69.62,67.5408
2016-07-15,69.35,69.49,69.7,1489993.0,69.46,67.7162
2016-07-18,69.28,69.35,69.75,1280424.0,69.59,67.5798
2016-07-19,68.97,69.12,69.22,869390.0,69.06,67.3557
2016-07-20,68.99,69.1,69.3,865966.0,69.27,67.3362
2016-07-21,68.8,68.89,69.12,1072127.0,69.07,67.1316
2016-07-22,68.9799,69.2,69.31,1185569.0,69.07,67.4336
2016-07-25,69.0,69.22,69.295,1011698.0,69.16,67.4531
2016-07-26,68.86,69.04,69.5,905738.0,69.27,67.2777
2016-07-27,68.7,68.86,69.17,1322126.0,68.94,67.1023
2016-07-28,68.64,69.17,69.37,903647.0,68.84,67.4044
2016-07-29,68.1,68.33,68.98,2614574.0,68.91,66.5858
2016-08-01,68.03,68.39,68.57,1728884.0,68.44,66.6443
2016-08-02,68.025,68.11,68.55,1344354.0,68.33,66.3715
2016-08-03,68.18,68.63,68.71,2032739.0,68.28,66.8782
2016-08-04,67.99,68.62,69.24,2149815.0,67.99,66.8684
2016-08-05,68.5,68.84,68.97,1620169.0,68.72,67.0828
2016-08-08,68.71,69.17,69.18,2194491.0,68.84,67.4044
2016-08-09,69.0,69.37,69.5,1053054.0,69.17,67.5993
2016-08-10,69.16,69.42,69.47,941826.0,69.37,67.648
2016-08-11,69.04,69.11,69.51,1796681.0,69.42,67.3459
2016-08-12,68.8401,69.13,69.25,903080.0,69.06,67.3654
2016-08-15,69.01,69.39,69.45,1537651.0,69.13,67.6188
2016-08-16,68.91,68.95,69.47,1436756.0,68.91,67.19
2016-08-17,68.66,69.12,69.16,2091658.0,68.95,67.3557
2016-08-18,69.07,69.44,69.55,1657033.0,69.16,67.6675
2016-08-19,69.03,69.17,69.42,1269417.0,69.13,67.4044
2016-08-22,68.775,68.87,69.05,1171355.0,69.04,67.1121
2016-08-23,68.36,68.36,69.14,1716246.0,68.91,66.6151
2016-08-24,68.155,68.26,68.45,1004507.0,68.31,66.5176
2016-08-25,68.1249,68.54,68.68,1144926.0,68.22,66.7905
2016-08-26,68.07,68.33,68.88,1427686.0,68.73,66.5858
2016-08-29,68.14,68.74,68.92,1646995.0,68.27,67.307
2016-08-30,68.81,69.17,69.23,1439360.0,68.96,67.728
2016-08-31,68.49,68.96,69.24,2133039.0,69.19,67.5224
2016-09-01,68.32,68.66,69.08,1699016.0,68.97,67.2286
2016-09-02,68.52,68.95,69.25,1507288.0,68.85,67.5126
2016-09-06,68.6,69.31,69.31,1808968.0,68.7,67.8651
2016-09-07,68.94,69.44,69.48,1628030.0,69.05,67.9924
2016-09-08,69.06,69.22,69.38,1382500.0,69.29,67.7769
2016-09-09,67.96,67.96,68.895,1816211.0,68.81,66.5432
2016-09-12,67.675,68.48,68.7,1956563.0,67.96,67.0524
2016-09-13,67.72,67.92,68.28,1924588.0,67.93,66.5041
2016-09-14,67.29,67.39,68.05,1717844.0,67.9,65.9851
2016-09-15,67.27,67.82,68.05,1761550.0,67.36,66.4061
2016-09-16,67.24,67.41,67.7746,2314236.0,67.56,66.0047
2016-09-19,67.3175,67.46,67.9,1139502.0,67.58,66.0536
2016-09-20,67.73,67.87,68.17,1423391.0,67.84,66.4551
2016-09-21,67.97,68.66,68.71,1393505.0,67.97,67.2286
2016-09-22,68.73,68.94,69.06,1407253.0,68.84,67.5028
2016-09-23,68.341,68.49,68.93,1297205.0,68.56,67.0622
2016-09-26,68.12,68.39,68.62,1861044.0,68.25,66.9643
2016-09-27,68.27,68.98,69.09,1747874.0,68.33,67.542
2016-09-28,68.615,69.1,69.14,1506424.0,69.0,67.6595
2016-09-29,68.43,68.64,69.29,2317866.0,68.78,67.209
2016-09-30,68.82,69.18,69.38,2867210.0,68.83,67.7378
2016-10-03,68.29,68.4,69.06,2295207.0,68.9,66.974
2016-10-04,67.12,67.84,68.27,3655309.0,68.17,66.4257
2016-10-05,67.7,67.81,68.43,1751604.0,68.12,66.3963
2016-10-06,67.18,67.77,67.93,2587437.0,67.86,66.3572
2016-10-07,67.91,68.43,69.045,2319456.0,67.97,67.0034
2016-10-10,68.44,68.49,68.9616,1172189.0,68.79,67.0622
2016-10-11,67.89,68.2,68.465,1723922.0,68.31,66.7782
2016-10-12,68.16,69.04,69.1299,1712452.0,68.28,67.6007
2016-10-13,68.281,69.09,69.23,1899482.0,68.41,67.6497
2016-10-14,69.33,69.33,69.82,2324272.0,69.47,67.8847
2016-10-17,69.21,69.34,69.59,1188199.0,69.34,67.8944
2016-10-18,69.19,69.29,69.94,1301182.0,69.86,67.8455
2016-10-19,68.8,69.43,69.48,1528601.0,69.38,67.9826
2016-10-20,68.2,68.23,69.12,2370364.0,68.96,66.8076
2016-10-21,67.23,67.55,67.98,2279190.0,67.818,66.1418
2016-10-24,67.63,67.72,68.13,967104.0,67.91,66.3082
2016-10-25,67.4,67.61,67.88,1114083.0,67.72,66.2005
2016-10-26,67.36,67.94,68.14,1437489.0,67.49,66.5236
2016-10-27,67.58,67.59,68.14,1366587.0,68.12,66.1809
2016-10-28,67.08,67.53,68.27,2435182.0,67.76,66.1222
2016-10-31,67.53,67.9,68.11,2271061.0,67.76,66.4845
2016-11-01,66.82,67.21,67.86,2763669.0,67.85,65.8089
2016-11-02,66.91,67.34,67.59,2867888.0,66.92,65.9361
2016-11-03,67.41,68.09,68.99,4516225.0,67.97,66.6705
2016-11-04,66.65,66.72,68.01,2981064.0,68.0,65.3291
2016-11-07,66.55,66.86,67.53,3430605.0,67.41,65.4661
2016-11-08,66.66,67.58,67.74,2373874.0,66.66,66.1711
2016-11-09,67.29,68.17,68.505,3230790.0,67.65,66.7488
2016-11-10,68.13,69.45,69.46,3288211.0,68.92,68.0022
2016-11-11,68.92,69.64,69.75,2270021.0,69.32,68.1882
2016-11-14,69.6,70.69,70.87,2673097.0,69.76,69.2163
2016-11-15,70.32,71.3,71.41,3334432.0,70.46,69.8136
2016-11-16,70.095,70.72,71.08,2453653.0,71.0,69.2457
2016-11-17,70.47,71.78,71.79,2792260.0,70.62,70.2836
2016-11-18,71.41,72.02,72.2,2998304.0,71.8,70.5186
2016-11-21,71.73,72.18,72.39,2651383.0,72.06,70.6752
2016-11-22,71.92,72.37,72.68,3863768.0,72.19,70.8613
2016-11-23,72.1406,72.4,72.72,1853036.0,72.46,70.8907
2016-11-25,72.13,72.38,72.58,1971159.0,72.38,70.8711
2016-11-28,71.88,72.04,72.215,2040767.0,71.98,70.8613
2016-11-29,69.04,69.63,71.64,6665418.0,71.29,68.4907
2016-11-30,69.48,69.92,70.58,5911949.0,70.08,68.776
2016-12-01,69.76,70.35,70.38,2329237.0,69.95,69.1989
2016-12-02,70.26,70.61,70.78,1903344.0,70.43,69.4547
2016-12-05,70.22,70.36,70.95,2771621.0,70.84,69.2088
2016-12-06,70.45,70.95,70.97,2285597.0,70.58,69.7891
2016-12-07,70.73,71.65,71.75,1827425.0,71.13,70.4777
2016-12-08,71.17,71.67,71.98,1986110.0,71.77,70.4973
2016-12-09,71.51,72.47,72.5,2169349.0,71.77,71.2842
2016-12-12,72.3,72.82,72.95,1982125.0,72.44,71.6285
2016-12-13,72.54,72.93,73.13,2613321.0,72.65,71.7367
2016-12-14,72.42,72.61,73.33,2194958.0,72.92,71.422
2016-12-15,72.43,73.54,73.75,2080150.0,72.66,72.3367
2016-12-16,73.54,74.11,74.16,3313439.0,73.78,72.8974
2016-12-19,74.1708,74.37,74.57,1876894.0,74.24,73.1532
2016-12-20,74.31,74.48,74.725,1669203.0,74.59,73.2614
2016-12-21,74.31,74.44,74.66,1062455.0,74.48,73.222
2016-12-22,74.07,74.48,74.65,1716640.0,74.42,73.2614
2016-12-23,74.32,74.58,74.77,1088002.0,74.48,73.3597
2016-12-27,74.31,74.51,74.65,1217974.0,74.58,73.2909
2016-12-28,74.21,74.35,74.7,1624687.0,74.66,73.1335
2016-12-29,74.2,74.28,74.57,1190076.0,74.38,73.0646
2016-12-30,73.93,74.12,74.56,1709628.0,74.54,72.9072
2017-01-03,73.54,74.17,74.56,2020076.0,74.0,72.9564
2017-01-04,74.21,74.37,74.95,1948384.0,74.38,73.1532
2017-01-05,73.8,74.03,74.44,1741760.0,74.18,72.8187
2017-01-06,73.48,74.15,74.455,1614752.0,73.68,72.9368
2017-01-09,73.04,73.09,74.05,1802222.0,73.95,71.8941
2017-01-10,73.26,73.75,74.3,2350036.0,73.28,72.5433
2017-01-11,73.59,73.94,74.26,1738517.0,73.94,72.7302
2017-01-12,73.13,73.68,73.79,1110509.0,73.56,72.4744
2017-01-13,73.8,73.89,74.35,1220163.0,73.91,72.681
2017-01-17,73.39,73.85,73.89,1180686.0,73.61,72.6417
2017-01-18,73.92,74.52,74.83,1795756.0,74.0,73.3007
2017-01-19,73.9,74.22,74.78,1282140.0,74.66,73.0056
2017-01-20,74.37,74.54,74.96,1528423.0,74.37,73.3204
2017-01-23,73.96,74.15,74.65,1232721.0,74.59,72.9368
2017-01-24,73.97,74.47,74.66,1075494.0,74.24,73.2515
2017-01-25,74.74,75.39,75.53,1769074.0,74.77,74.1565
2017-01-26,75.21,75.81,75.85,1575041.0,75.42,74.5696
2017-01-27,75.22,75.59,75.81,1275469.0,75.29,74.3532
2017-01-30,75.125,75.61,75.67,1748051.0,75.49,74.3729
2017-01-31,74.74,75.21,75.58,2041900.0,75.27,73.9794
2017-02-01,75.0,75.24,75.97,2411635.0,75.57,74.0089
2017-02-02,76.38,77.4,78.12,3883196.0,76.74,76.1336
2017-02-03,77.29,77.48,78.0,2110276.0,77.92,76.2123
2017-02-06,76.97,78.08,78.225,2348314.0,77.43,76.8025
2017-02-07,78.07,78.12,78.68,1764922.0,78.5,76.8418
2017-02-08,77.8,77.99,78.19,1496627.0,78.1,76.7139
2017-02-09,77.73,78.35,78.385,1912658.0,78.09,77.068
2017-02-10,78.13,78.88,79.31,1637416.0,78.55,77.5894
2017-02-13,78.81,79.61,79.64,1427476.0,78.95,78.3074
2017-02-14,79.1,79.8,79.82,1798022.0,79.72,78.4943
2017-02-15,79.59,80.71,80.72,1820244.0,80.0,79.3894
2017-02-16,80.4,80.8,80.82,1779026.0,80.62,79.4779
2017-02-17,80.08,80.44,80.48,1920323.0,80.47,79.1238
2017-02-21,80.31,80.62,80.8,2436741.0,80.56,79.3009
2017-02-22,80.06,80.58,80.78,2438546.0,80.13,79.2615
2017-02-23,80.31,80.55,80.9,3190404.0,80.4,79.232
2017-02-24,79.89,80.91,80.91,1973346.0,80.18,79.9501
2017-02-27,80.84,81.34,81.51,2103201.0,80.94,80.375
2017-02-28,81.0,82.16,82.29,2550121.0,81.29,81.1853
2017-03-01,82.1,82.69,82.83,2721311.0,82.52,81.709
2017-03-02,81.74,81.75,83.05,2628209.0,82.89,80.7801
2017-03-03,81.4,81.86,82.0,2331472.0,81.83,80.8888
2017-03-06,81.14,81.34,81.75,1657033.0,81.49,80.375
2017-03-07,81.14,81.46,81.7,1621840.0,81.32,80.4936
2017-03-08,80.9401,81.13,81.9709,1661357.0,81.87,80.1675
2017-03-09,81.07,81.57,81.63,1708769.0,81.32,80.6023
2017-03-10,81.57,82.05,82.105,1560630.0,81.82,81.0766
2017-03-13,81.72,82.1,82.13,1256704.0,81.87,81.126
2017-03-14,81.83,82.18,82.305,1437146.0,82.05,81.205
2017-03-15,82.04,82.62,82.75,1418824.0,82.04,81.6398
2017-03-16,82.46,82.89,83.0,1783589.0,82.56,81.9066
2017-03-17,82.6,82.85,83.09,2316274.0,82.9,81.8671
2017-03-20,82.3,82.37,83.06,1324987.0,82.85,81.3928
2017-03-21,81.59,81.69,82.7,2179342.0,82.46,80.7208
2017-03-22,81.33,81.38,81.82,1669775.0,81.59,80.4145
2017-03-23,81.16,81.26,81.92,1480674.0,81.5,80.2959
2017-03-24,80.63,80.99,81.51,1368886.0,81.27,80.0291
2017-03-27,80.07,81.09,81.32,1428165.0,80.37,80.128
2017-03-28,80.73,81.89,82.097,1219009.0,80.81,80.9185
2017-03-29,81.29,81.39,82.08,1019259.0,81.94,80.4244
2017-03-30,81.16,81.64,81.83,1159316.0,81.3,80.6714
2017-03-31,81.2,81.49,81.79,1548126.0,81.45,80.5232
2017-04-03,81.08,81.32,81.75,1790111.0,81.54,80.3552
2017-04-04,81.4,81.63,81.8,1672300.0,81.47,80.6616
2017-04-05,81.285,81.42,82.17,1575151.0,81.81,80.454
2017-04-06,81.05,81.44,81.6,1614200.0,81.45,80.4738
2017-04-07,80.95,81.11,81.49,1228719.0,81.36,80.1477
2017-04-10,81.0,81.36,81.67,1261724.0,81.01,80.3948
2017-04-11,80.68,81.17,81.29,1561140.0,81.14,80.207
2017-04-12,80.1,80.97,81.12,2063791.0,80.58,80.0094
2017-04-13,80.58,80.58,81.26,1241344.0,80.9,79.624
2017-04-17,80.6105,81.5,81.63,1646643.0,80.8,80.5331
2017-04-18,80.12,80.31,81.11,2486670.0,80.79,79.3572
2017-04-19,79.59,79.75,80.59,2283260.0,80.29,78.8039
2017-04-20,79.09,80.15,80.41,2155766.0,79.6,79.1991
2017-04-21,79.54,79.73,80.19,1778826.0,80.09,78.7841
2017-04-24,80.37,80.9,80.98,1917923.0,80.86,79.9402
2017-04-25,80.75,81.22,81.38,1416667.0,80.75,80.2564
2017-04-26,80.95,81.8,82.51,2878142.0,81.15,80.8295
2017-04-27,81.58,81.98,82.23,1163259.0,81.83,81.0074
2017-04-28,81.26,81.29,81.94,1050323.0,81.84,80.3256
2017-05-01,81.185,81.5,81.85,1341934.0,81.49,80.5331
2017-05-02,81.44,81.83,81.88,1951110.0,81.45,80.8592
2017-05-03,83.47,84.93,85.0,4022921.0,83.47,83.9224
2017-05-04,85.11,85.57,86.03,2446687.0,85.11,84.5548
2017-05-05,85.24,85.45,85.87,1639599.0,85.73,84.4362
2017-05-08,84.63,84.77,85.49,1959042.0,85.46,83.7643
2017-05-09,84.085,84.17,84.98,1794583.0,84.9,83.1714
2017-05-10,84.07,84.29,84.63,1710886.0,84.21,83.29
2017-05-11,83.19,83.91,84.24,2949814.0,83.97,82.9145
2017-05-12,83.53,84.13,84.6,1838578.0,83.81,83.1319
2017-05-15,84.06,84.53,84.65,1191073.0,84.06,83.5271
2017-05-16,84.2,84.33,84.78,1558755.0,84.49,83.3295
2017-05-17,83.11,84.36,84.71,2252186.0,83.63,83.3592
2017-05-18,83.6,84.72,85.3,2172664.0,84.33,83.7149
2017-05-19,84.06,84.13,84.8,2684922.0,84.78,83.1319
2017-05-22,84.25,84.79,84.88,2085367.0,84.58,83.7841
2017-05-23,84.55,85.4,85.5,1289057.0,84.69,84.3868
2017-05-24,85.4,85.81,85.89,951549.0,85.55,84.792
2017-05-25,85.82,86.28,86.385,1096646.0,85.95,85.2564
2017-05-26,85.96,86.5,86.6299,1046745.0,86.04,85.4738
2017-05-30,85.99,86.0,86.42,1134298.0,86.12,84.9797
2017-05-31,85.93,86.34,86.4,2510779.0,86.15,85.3157
2017-06-01,85.8935,86.94,86.94,1715278.0,86.02,86.2742
2017-06-02,86.42,86.67,86.79,1154965.0,86.79,86.0062
2017-06-05,86.48,86.61,86.94,973859.0,86.67,85.9467
2017-06-06,85.78,85.82,86.52,1241946.0,86.3,85.1627
2017-06-07,85.57,85.87,86.125,1422542.0,86.09,85.2124
2017-06-08,85.84,86.56,86.69,1664296.0,85.87,85.8971
2017-06-09,86.55,87.37,87.425,1138999.0,86.67,86.7009
2017-06-12,87.33,87.92,88.1,2473521.0,87.37,87.2467
2017-06-13,87.79,87.97,88.19,2566579.0,87.94,87.2963
2017-06-14,87.83,88.82,88.89,1501767.0,87.93,88.1398
2017-06-15,88.5,89.79,89.89,2163227.0,88.7,89.1023
2017-06-16,89.55,89.82,90.74,2684039.0,90.37,89.1321
2017-06-19,89.075,89.41,90.19,3259925.0,90.03,88.7252
2017-06-20,89.18,89.26,89.66,1152001.0,89.41,88.5764
2017-06-21,89.025,89.24,89.53,1641467.0,89.41,88.5566
2017-06-22,88.21,88.31,89.23,1750723.0,89.01,87.6337
2017-06-23,87.99,88.08,88.83,3316873.0,88.72,87.4054
2017-06-26,88.17,88.42,88.78,1780481.0,88.32,87.7428
2017-06-27,88.03,88.17,88.69,1831744.0,88.55,87.4947
2017-06-28,88.37,88.58,88.96,1352504.0,88.68,87.9016
2017-06-29,87.805,88.13,89.23,1646204.0,89.23,87.4551
2017-06-30,88.12,88.44,88.79,1479663.0,88.44,87.7627
2017-07-03,88.63,88.63,89.86,1007570.0,88.85,87.9512
2017-07-05,88.27,88.81,88.94,1038115.0,88.81,88.1298
2017-07-06,88.53,88.72,89.28,1448443.0,88.93,88.0405
2017-07-07,88.54,89.19,89.285,1067404.0,88.8,88.5069
2017-07-10,88.83,88.85,89.18,1445081.0,88.83,88.1695
2017-07-11,87.74,87.94,88.88,1958641.0,88.72,87.2665
2017-07-12,87.91,88.2,88.39,971083.0,88.01,87.5245
2017-07-13,87.935,88.6,88.92,1226755.0,88.06,87.9215
2017-07-14,87.92,89.05,89.33,1059717.0,88.27,88.368
2017-07-17,88.305,88.49,88.83,1434691.0,88.74,87.8123
2017-07-18,87.99,88.88,89.06,2190431.0,87.99,88.1993
2017-07-19,88.719,89.25,89.25,1208754.0,89.05,88.5665
2017-07-20,88.47,89.22,89.56,1253623.0,89.01,88.5367
2017-07-21,88.58,89.16,89.315,1876895.0,89.0,88.4772
2017-07-24,89.015,89.77,89.905,1222116.0,89.08,89.0825
2017-07-25,89.9,90.21,90.63,1236027.0,90.27,89.5191
2017-07-26,89.24,89.4,90.29,1392566.0,90.2,88.7153
2017-07-27,89.05,89.68,89.8452,2046033.0,89.37,88.9932
2017-07-28,89.52,90.5,90.57,1257538.0,89.8,89.8069
2017-07-31,90.57,91.0,91.25,1225287.0,90.58,90.3031
2017-08-01,93.97,94.22,94.49,2780987.0,94.09,93.4984
2017-08-02,92.54,94.16,94.31,3391773.0,93.14,93.4389
2017-08-03,93.09,93.93,94.0,2052057.0,93.9,93.2106
2017-08-04,93.97,94.22,94.49,1486353.0,94.09,93.4984
2017-08-07,94.09,94.24,94.59,1667202.0,94.22,93.5183
2017-08-08,93.84,94.21,94.33,1608909.0,93.98,93.4885
2017-08-09,93.96,94.7,94.7,1547084.0,94.11,93.9747
2017-08-10,94.14,94.16,94.69,1456037.0,94.21,93.4389
2017-08-11,93.91,93.95,94.448,1111369.0,94.09,93.2305
2017-08-14,94.36,94.42,94.83,1164462.0,94.78,93.6969
2017-08-15,94.11,94.38,94.81,1453705.0,94.79,93.6572
2017-08-16,94.3,94.38,95.25,2018622.0,94.66,93.6572
2017-08-17,93.17,93.33,94.5,1963603.0,94.39,92.6152
2017-08-18,92.55,92.92,93.335,2590341.0,93.11,92.2084
2017-08-21,92.28,92.72,92.96,2097284.0,92.96,92.0099
2017-08-22,92.93,93.77,93.82,1651482.0,93.11,93.0519
2017-08-23,93.16,93.18,93.85,1656994.0,93.38,92.4664
2017-08-24,91.4,91.54,93.49,3156760.0,93.29,90.8389
2017-08-25,91.46,92.02,92.28,2582845.0,91.81,91.3153
2017-08-28,89.81,90.65,90.98,3097619.0,90.37,89.9558
2017-08-29,89.8421,90.82,91.1,1788917.0,90.0,90.4916
2017-08-30,90.0,90.07,91.14,2437216.0,90.83,89.7443
2017-08-31,90.04,90.5,90.63,2846067.0,90.27,90.1728
2017-09-01,89.65,89.78,91.12,2514445.0,90.57,89.4554
2017-09-05,86.34,86.49,89.03,4633486.0,89.0,86.1773
2017-09-06,86.63,87.5,88.316,4736396.0,86.73,87.1836
2017-09-07,85.59,86.45,87.25,3138112.0,87.06,86.1374
2017-09-08,86.15,89.61,90.41,4304921.0,86.15,89.286
2017-09-11,90.72,91.23,93.54,3556710.0,91.44,90.9001
2017-09-12,90.64,91.87,91.985,2419419.0,91.16,91.5378
2017-09-13,90.43,90.94,91.47,2004731.0,91.31,90.6112
2017-09-14,90.15,90.5,90.87,1976098.0,90.79,90.1728
2017-09-15,90.45,90.88,91.4,2879188.0,90.47,90.5514
2017-09-18,90.335,90.48,91.24,1762003.0,91.06,90.1528
2017-09-19,90.45,91.14,91.91,2470100.0,90.55,90.8105
2017-09-20,90.42,91.38,91.41,1644369.0,90.88,91.0496
2017-09-21,90.54,90.67,92.32,1373103.0,91.4,90.3422
2017-09-22,90.12,90.53,90.86,1151220.0,90.44,90.2027
2017-09-25,90.05,91.04,91.21,1303492.0,90.28,90.7108
2017-09-26,90.47,90.73,91.5456,1652610.0,90.9,90.4019
2017-09-27,90.7,90.89,91.72,1395650.0,91.69,90.5614
2017-09-28,90.52,91.29,91.41,1122605.0,90.84,90.9599
2017-09-29,90.91,91.91,91.97,1403603.0,91.3,91.5777
2017-10-02,91.41,92.38,92.63,1414710.0,91.65,92.046
2017-10-03,91.52,92.1,92.34,1529228.0,92.21,91.767
2017-10-04,92.11,92.86,92.93,1361149.0,92.12,92.5242
2017-10-05,92.66,93.19,93.69,1781768.0,92.73,92.853
2017-10-06,93.12,93.29,93.81,927034.0,93.32,92.9527
2017-10-09,92.86,93.2,93.51,619497.0,93.26,92.863
2017-10-10,92.87,93.33,93.67,1715672.0,93.2,92.9925
2017-10-11,92.8,93.09,93.4,1275122.0,93.12,92.7534
2017-10-12,92.43,92.54,93.52,1294566.0,93.27,92.2054
2017-10-13,92.27,92.34,93.06,1655350.0,92.71,92.0061
2017-10-16,92.11,92.46,92.85,1831378.0,92.34,92.1257
2017-10-17,91.12,91.41,92.68,3167541.0,92.46,91.0795
2017-10-18,90.62,91.25,91.55,1955289.0,91.48,90.9201
2017-10-19,90.73,92.73,92.74,2812567.0,91.07,92.3947
2017-10-20,92.52,92.97,93.59,2141514.0,93.45,92.6338
2017-10-23,92.55,92.97,93.1,1517793.0,92.96,92.6338
2017-10-24,92.99,93.64,93.93,1452891.0,93.3,93.3014
2017-10-25,92.77,93.3,93.845,1063993.0,93.73,92.9627
2017-10-26,93.3201,93.96,94.23,1235489.0,93.55,93.6203
2017-10-27,92.93,93.73,93.96,1210145.0,93.72,93.3911
2017-10-30,93.27,94.07,94.43,1731255.0,93.27,93.7299
2017-10-31,93.67,93.86,94.65,2419926.0,93.94,93.5206
2017-11-01,93.52,94.25,94.54,1980267.0,94.07,93.9092
2017-11-02,95.4,97.85,98.21,3932849.0,95.89,97.4962
2017-11-03,97.07,97.84,97.9599,2825472.0,97.62,97.4862
2017-11-06,97.45,99.09,99.435,1632417.0,97.81,98.7317
2017-11-07,98.55,99.18,100.31,1629517.0,99.42,98.8214
2017-11-08,98.97,99.09,99.73,1921056.0,99.23,98.7317
2017-11-09,98.21,98.95,99.36,1768750.0,98.74,98.5922
2017-11-10,98.1,99.12,99.28,1389599.0,98.88,98.7616
2017-11-13,98.76,99.44,99.97,1811088.0,98.9,99.0804
2017-11-14,98.51,99.94,100.05,2148336.0,98.89,99.5786
2017-11-15,99.3,100.38,101.12,2176950.0,99.48,100.0171
2017-11-16,99.17,99.57,100.7,2138381.0,100.51,99.21
2017-11-17,99.05,100.17,100.43,2877819.0,99.05,99.8078
2017-11-20,99.9999,100.32,100.97,1980961.0,100.26,99.9573
2017-11-21,99.57,99.7,100.72,1530201.0,100.39,99.3395
2017-11-22,99.18,99.3,99.74,900137.0,99.6,98.941
2017-11-24,98.98,99.08,99.8,623413.0,99.8,98.7218
2017-11-27,99.14,99.41,99.93,1429225.0,99.23,99.0506
2017-11-28,99.26,100.89,100.94,1810780.0,99.39,100.5252
2017-11-29,100.58,101.96,102.23,2031693.0,100.62,101.96
2017-11-30,101.09,102.66,103.51,3340825.0,102.37,102.66
2017-12-01,100.75,103.1,103.12,2464604.0,103.1,103.1
2017-12-04,103.01,103.62,104.1,2379623.0,103.91,103.62
2017-12-05,102.69,102.84,103.99,2661780.0,103.99,102.84
2017-12-06,102.565,102.65,103.65,1310358.0,102.82,102.65
2017-12-07,101.77,102.11,102.6,1366004.0,102.33,102.11
2017-12-08,101.65,102.5,102.51,1301704.0,102.0,102.5
2017-12-11,101.77,102.37,102.715,1081547.0,102.33,102.37
2017-12-12,101.845,103.54,103.86,1907594.0,102.34,103.54
2017-12-13,103.09,103.32,104.18,1900965.0,103.3,103.32
2017-12-14,102.45,102.65,103.79,1438391.0,103.19,102.65
2017-12-15,102.93,103.97,104.46,3248731.0,103.05,103.97
2017-12-18,103.75,104.16,105.14,2002541.0,104.73,104.16
2017-12-19,104.0,104.38,104.76,1846088.0,104.65,104.38
2017-12-20,104.16,104.42,104.92,1267726.0,104.53,104.42
2017-12-21,104.175,104.21,105.17,1486617.0,105.08,104.21
2017-12-22,103.46,104.11,104.66,782530.0,104.52,104.11
2017-12-26,103.98,104.34,104.72,666776.0,104.06,104.34
2017-12-27,104.13,104.6,104.84,765647.0,104.43,104.6
2017-12-28,104.48,104.91,104.93,731766.0,104.91,104.91
2017-12-29,104.69,104.71,105.36,896681.0,105.05,104.71
2018-01-02,101.68,101.92,104.52,4788245.0,104.07,101.92
2018-01-03,101.65,101.98,102.74,1993291.0,101.92,101.98
2018-01-04,100.69,100.8,102.73,2016490.0,102.26,100.8
2018-01-05,100.22,101.87,101.93,1573205.0,101.24,101.87
2018-01-08,101.08,101.39,101.85,1373990.0,101.84,101.39
2018-01-09,100.5,100.94,101.73,2223469.0,100.65,100.94
2018-01-10,100.31,100.43,101.24,2463507.0,100.81,100.43
2018-01-11,100.21,100.78,101.155,1556615.0,100.82,100.78
2018-01-12,99.83,102.11,102.32,2397208.0,100.9,102.11
2018-01-16,101.6101,102.13,102.73,1853925.0,102.21,102.13
2018-01-17,102.28,103.94,103.99,1737894.0,102.51,103.94
2018-01-18,102.98,104.0,104.325,2581344.0,103.85,104.0
2018-01-19,103.13,103.7,104.42,1486203.0,104.42,103.7
