Date,Open,Adj Close,High,Close,Volume,Low
2015-01-02,95.49,91.0358,96.05,94.33,934006.0,93.6
2015-01-05,93.88,90.1576,94.31,93.42,1107572.0,93.03
2015-01-06,93.97,89.6172,94.93,92.86,1793237.0,92.64
2015-01-07,92.71,90.6401,93.98,93.92,1190289.0,92.3001
2015-01-08,94.54,91.972,95.86,95.3,1444122.0,94.46
2015-01-09,95.27,91.4701,95.49,94.78,895647.0,94.47
2015-01-12,94.66,90.1769,95.23,93.44,967705.0,93.4
2015-01-13,94.2,90.5533,95.64,93.83,952366.0,93.23
2015-01-14,92.64,90.4182,93.73,93.69,1529505.0,92.16
2015-01-15,93.75,90.2831,94.57,93.55,1073203.0,93.04
2015-01-16,93.73,92.2229,95.62,95.56,1402922.0,93.63
2015-01-20,95.92,91.364,96.16,94.67,948788.0,94.1
2015-01-21,94.29,91.2481,95.4,94.55,959967.0,93.35
2015-01-22,94.89,92.358,96.04,95.7,1261245.0,94.13
2015-01-23,95.98,91.1227,96.3,94.42,865465.0,94.35
2015-01-26,94.24,90.8814,94.6,94.17,755445.0,93.74
2015-01-27,93.59,90.0804,94.17,93.34,866919.0,92.82
2015-01-28,93.84,87.909,94.05,91.09,1425189.0,91.04
2015-01-29,90.83,88.2371,91.43,91.18,1249482.0,90.34
2015-01-30,90.22,87.1436,90.94,90.05,2157343.0,89.35
2015-02-02,90.36,88.8855,91.88,91.85,1254530.0,89.65
2015-02-03,92.21,89.7758,92.81,92.77,1105125.0,91.99
2015-02-04,92.6,90.1145,93.69,93.12,1387079.0,92.49
2015-02-05,93.2,90.6951,93.99,93.72,1304405.0,92.88
2015-02-06,94.99,93.308,97.0,96.42,2794447.0,94.96
2015-02-09,96.18,93.5209,96.96,96.64,1291969.0,95.76
2015-02-10,97.0,95.0208,98.34,98.19,1674036.0,96.96
2015-02-11,98.27,96.8498,100.245,100.08,1687138.0,98.01
2015-02-12,100.02,97.4885,100.99,100.74,1627307.0,99.89
2015-02-13,100.58,97.3144,101.3,100.56,1476586.0,100.3
2015-02-17,100.3,97.4595,101.18,100.71,1369701.0,100.3
2015-02-18,100.69,97.3144,101.22,100.56,1251924.0,99.77
2015-02-19,100.32,97.0434,100.66,100.28,811143.0,99.95
2015-02-20,100.0,97.1015,100.49,100.34,1264767.0,99.23
2015-02-23,99.98,97.266,100.71,100.51,1300749.0,99.41
2015-02-24,100.3,97.3434,100.95,100.59,946960.0,100.1
2015-02-25,100.24,97.2079,101.0,100.45,968612.0,100.21
2015-02-26,100.24,96.9853,100.45,100.22,1255822.0,99.45
2015-02-27,100.35,97.1208,100.93,100.36,341206.0,99.65
2015-03-02,100.32,97.0047,100.32,100.24,1169695.0,99.78
2015-03-03,99.95,96.695,100.57,99.92,1040796.0,99.41
2015-03-04,99.81,96.4144,99.97,99.63,1109018.0,99.12
2015-03-05,99.69,96.995,100.3,100.23,756902.0,99.34
2015-03-06,100.06,95.6015,101.0,98.79,889825.0,98.58
2015-03-09,98.78,95.737,99.16,98.93,810120.0,98.0617
2015-03-10,97.96,92.9209,98.41,96.02,1623772.0,96.0
2015-03-11,95.96,93.3177,96.66,96.43,729815.0,95.56
2015-03-12,97.1,95.1079,98.31,98.28,1016354.0,96.55
2015-03-13,98.18,93.7531,98.29,96.88,924310.0,96.35
2015-03-16,96.4,95.5628,98.85,98.75,1109272.0,96.4
2015-03-17,98.27,95.3208,98.73,98.5,863941.0,97.32
2015-03-18,98.23,96.3176,100.0,99.53,1011734.0,97.37
2015-03-19,99.21,95.7176,99.21,98.91,793422.0,97.82
2015-03-20,99.17,96.095,99.94,99.3,1949035.0,98.41
2015-03-23,99.85,95.8918,99.85,99.09,869833.0,99.07
2015-03-24,98.82,95.0112,99.29,98.18,703415.0,98.16
2015-03-25,98.24,92.8531,98.5,95.95,980078.0,95.94
2015-03-26,95.52,92.9306,96.28,96.03,1147524.0,95.294
2015-03-27,95.94,92.7757,96.7,95.87,1345210.0,95.51
2015-03-30,96.57,94.9338,98.25,98.1,1092663.0,96.37
2015-03-31,97.4,93.0177,97.56,96.12,1799944.0,95.96
2015-04-01,95.84,93.1241,96.95,96.23,1373965.0,95.32
2015-04-02,96.22,93.5112,96.76,96.63,874305.0,95.75
2015-04-06,96.17,94.6725,98.44,97.83,1109652.0,95.83
2015-04-07,97.84,94.1789,98.0,97.32,711066.0,97.3
2015-04-08,97.54,95.4563,98.72,98.64,870085.0,97.33
2015-04-09,98.41,95.2434,98.94,98.42,764389.0,97.61
2015-04-10,98.3,95.0789,98.69,98.25,553402.0,97.932
2015-04-13,98.27,95.437,98.99,98.62,569339.0,98.07
2015-04-14,98.43,95.3983,98.79,98.58,832574.0,97.438
2015-04-15,98.94,95.3015,99.03,98.48,821062.0,98.4
2015-04-16,97.8,94.4692,98.02,97.62,1060024.0,97.2
2015-04-17,97.11,93.066,97.14,96.17,2058826.0,95.69
2015-04-20,96.73,94.2563,97.47,97.4,1037630.0,96.58
2015-04-21,97.5,93.966,97.815,97.1,1228461.0,96.73
2015-04-22,96.45,94.0628,97.46,97.2,1270117.0,96.26
2015-04-23,96.8,94.266,97.83,97.41,742575.0,96.5
2015-04-24,97.3,94.6821,98.148,97.84,818714.0,96.665
2015-04-27,98.51,94.7596,98.625,97.92,1314313.0,97.66
2015-04-28,97.59,94.895,98.12,98.06,824582.0,96.98
2015-04-29,97.76,95.0112,98.41,97.88,845396.0,97.24
2015-04-30,97.35,93.4095,98.15,96.23,1889672.0,95.87
2015-05-01,96.88,95.5353,99.26,98.42,1314408.0,96.72
2015-05-04,98.5,95.9042,98.955,98.8,786659.0,97.99
2015-05-05,98.79,94.8267,99.31,97.69,5807873.0,97.65
2015-05-06,97.87,94.5258,98.0,97.38,1037617.0,96.67
2015-05-07,97.55,95.0403,98.14,97.91,1293815.0,96.83
2015-05-08,98.98,96.9623,100.0,99.89,1650901.0,98.66
2015-05-11,99.63,97.2535,100.85,100.19,1540075.0,99.63
2015-05-12,99.54,96.2051,99.94,99.11,863419.0,98.72
2015-05-13,99.03,95.7392,99.495,98.63,1301429.0,98.2
2015-05-14,99.4,97.0496,100.04,99.98,1383616.0,98.73
2015-05-15,99.96,96.6322,100.3,99.55,1592234.0,99.0
2015-05-18,99.63,98.0883,101.11,101.05,1098333.0,99.4
2015-05-19,101.28,98.4571,101.827,101.43,1362010.0,100.92
2015-05-20,101.49,99.2143,102.36,102.21,1164449.0,101.06
2015-05-21,101.8,99.3599,102.42,102.36,1248859.0,101.702
2015-05-22,101.87,99.8743,103.33,102.89,1844527.0,101.87
2015-05-26,102.38,99.156,102.89,102.15,1344801.0,101.6
2015-05-27,102.52,99.952,103.4,102.97,1205261.0,102.02
2015-05-28,102.55,99.884,102.97,102.9,774110.0,102.14
2015-05-29,102.98,98.2533,102.98,101.22,1786234.0,101.18
2015-06-01,101.47,97.9524,101.81,100.91,1124367.0,100.86
2015-06-02,100.75,98.2339,101.57,101.2,1008946.0,100.09
2015-06-03,101.63,98.9231,102.2,101.91,774858.0,101.2
2015-06-04,101.29,97.8553,102.1,100.81,855381.0,100.62
2015-06-05,101.14,98.0106,101.79,100.97,714258.0,100.575
2015-06-08,100.72,97.5253,101.19,100.47,643942.0,100.43
2015-06-09,100.5,97.6612,101.07,100.61,642191.0,100.38
2015-06-10,100.79,99.389,102.6,102.39,833031.0,100.62
2015-06-11,102.41,100.1655,103.3,103.19,942589.0,102.26
2015-06-12,103.11,99.2337,103.41,102.23,1569294.0,102.15
2015-06-15,101.43,99.554,102.67,102.56,1092743.0,101.33
2015-06-16,102.39,100.3306,103.51,103.36,927446.0,102.23
2015-06-17,103.7,100.68,104.2,103.72,937644.0,102.99
2015-06-18,104.11,101.4566,104.7,104.52,1082628.0,103.7975
2015-06-19,104.31,99.9714,104.46,102.99,1495103.0,102.99
2015-06-22,103.44,100.6509,103.95,103.69,706250.0,103.32
2015-06-23,103.73,100.9615,104.14,104.01,893027.0,103.58
2015-06-24,103.72,100.5053,103.925,103.54,1171348.0,103.411
2015-06-25,104.0,100.0296,104.0,103.05,794374.0,103.04
2015-06-26,103.46,99.7384,103.5,102.75,1996334.0,102.58
2015-06-29,102.0,97.1176,102.33,100.05,1020877.0,99.97
2015-06-30,101.06,96.7584,101.41,99.68,1393881.0,99.51
2015-07-01,100.94,96.7875,101.4,99.71,2251677.0,99.49
2015-07-02,99.99,96.5934,100.085,99.51,888132.0,99.15
2015-07-06,98.54,96.7681,99.86,99.69,781517.0,98.38
2015-07-07,99.7,97.2438,100.23,100.18,724203.0,98.33
2015-07-08,99.18,96.3507,100.12,99.26,1475831.0,99.07
2015-07-09,100.18,97.2146,100.61,100.15,1286054.0,99.83
2015-07-10,101.55,98.7969,102.13,101.78,1169036.0,100.91
2015-07-13,102.57,99.0395,102.74,102.03,955346.0,101.76
2015-07-14,102.0,99.0687,102.2899,102.06,611758.0,101.56
2015-07-15,102.57,98.8745,102.69,101.86,773522.0,101.7
2015-07-16,102.8,99.7773,102.91,102.79,664243.0,102.19
2015-07-17,102.6,99.4084,102.86,102.41,490111.0,102.145
2015-07-20,102.36,99.321,102.71,102.32,650733.0,101.92
2015-07-21,102.43,99.1366,102.97,102.13,882562.0,101.76
2015-07-22,102.25,98.9328,102.48,101.92,635044.0,101.71
2015-07-23,102.01,98.593,102.07,101.57,642606.0,101.42
2015-07-24,101.61,98.3115,101.96,101.28,653195.0,101.21
2015-07-27,100.97,98.0688,101.29,101.03,656367.0,100.38
2015-07-28,101.44,98.195,101.48,101.16,737495.0,100.64
2015-07-29,101.3,98.8939,102.13,101.88,839967.0,101.26
2015-07-30,101.46,99.2434,102.07,101.94,1016011.0,101.06
2015-07-31,102.0,98.1043,103.38,100.77,1216734.0,100.6
2015-08-03,100.79,96.9069,100.9,99.54,1297441.0,98.34
2015-08-04,99.55,97.5494,101.11,100.2,1234595.0,99.55
2015-08-05,100.6,98.6495,101.775,101.33,1197191.0,100.28
2015-08-06,101.82,98.2504,102.496,100.92,1013760.0,100.68
2015-08-07,100.68,98.6398,101.476,101.32,823742.0,100.25
2015-08-10,102.22,100.0514,103.12,102.77,864913.0,102.22
2015-08-11,101.77,98.6398,101.98,101.32,1128085.0,100.49
2015-08-12,100.59,98.5522,101.4899,101.23,743750.0,99.58
2015-08-13,101.0,98.5424,101.68,101.22,1037839.0,100.23
2015-08-14,100.84,98.6203,102.19,101.3,1157722.0,100.59
2015-08-17,100.75,99.847,102.67,102.56,1125958.0,100.48
2015-08-18,102.43,99.7204,102.83,102.43,717812.0,102.02
2015-08-19,101.92,98.3672,102.67,101.04,956138.0,100.65
2015-08-20,100.09,96.6927,100.65,99.32,1237863.0,99.21
2015-08-21,98.61,93.9765,99.4,96.53,1506999.0,96.5
2015-08-24,91.83,89.3035,95.62,91.73,2549817.0,90.04
2015-08-25,93.88,87.0254,93.93,89.39,2751118.0,89.27
2015-08-26,91.59,90.1699,92.8,92.62,1696690.0,89.89
2015-08-27,93.67,91.8931,94.45,94.39,1468227.0,92.615
2015-08-28,94.15,91.0656,94.83,93.54,1477687.0,92.97
2015-08-31,92.95,90.9682,93.8,93.44,1434027.0,92.15
2015-09-01,91.44,87.8918,92.1,90.28,2148661.0,89.7
2015-09-02,91.84,88.6415,91.84,91.05,1298656.0,90.11
2015-09-03,91.44,89.0309,92.02,91.45,1411168.0,91.1
2015-09-04,90.23,87.9016,90.73,90.29,1359487.0,89.59
2015-09-08,91.42,90.2381,92.78,92.69,1342143.0,91.4
2015-09-09,93.32,89.1185,93.7,91.54,964952.0,91.305
2015-09-10,91.2,89.2548,91.92,91.68,1986165.0,91.08
2015-09-11,91.34,88.9043,91.88,91.32,2154039.0,90.415
2015-09-14,91.32,88.3981,91.445,90.8,1185441.0,90.51
2015-09-15,91.19,89.6539,92.38,92.09,1771617.0,90.41
2015-09-16,91.97,89.5469,92.28,91.98,1310489.0,91.23
2015-09-17,92.24,89.7221,93.67,92.16,1248056.0,91.97
2015-09-18,90.49,86.9475,91.555,89.31,2550424.0,89.0
2015-09-21,90.17,88.0086,90.89,90.4,1521952.0,89.51
2015-09-22,89.03,87.1617,90.0,89.53,1902730.0,89.0
2015-09-23,89.62,86.7333,89.705,89.09,936412.0,88.495
2015-09-24,88.32,86.597,89.13,88.95,1378661.0,87.75
2015-09-25,89.79,87.6387,90.81,90.02,1086565.0,89.56
2015-09-28,89.3,86.0713,90.06,88.41,1362575.0,88.04
2015-09-29,88.33,86.0616,88.8,88.4,1241202.0,87.575
2015-09-30,89.41,86.266,89.78,88.61,1952188.0,87.83
2015-10-01,88.74,86.2173,89.3,88.56,1455449.0,87.79
2015-10-02,87.02,87.4051,89.8,89.78,1583502.0,86.38
2015-10-05,90.29,89.099,91.64,91.52,936663.0,89.92
2015-10-06,91.0,87.9016,91.89,90.29,981174.0,90.17
2015-10-07,90.76,88.7485,91.47,91.16,1038865.0,90.22
2015-10-08,90.88,89.4982,92.09,91.93,793597.0,90.43
2015-10-09,91.65,88.8751,92.33,91.29,1043560.0,90.92
2015-10-12,91.16,88.8654,91.5499,91.28,899960.0,91.01
2015-10-13,90.91,88.3786,91.23,90.78,1330249.0,90.22
2015-10-14,90.56,87.6679,90.8001,90.05,841106.0,89.92
2015-10-15,90.84,88.8362,91.73,91.25,1258091.0,90.54
2015-10-16,91.95,89.1964,92.29,91.62,950489.0,91.06
2015-10-19,91.57,88.2326,91.72,90.63,1028624.0,90.38
2015-10-20,90.1,89.138,91.6,91.56,1791878.0,90.1
2015-10-21,92.07,88.9043,92.37,91.32,1243333.0,91.23
2015-10-22,91.82,89.9655,93.34,92.41,1016433.0,91.8
2015-10-23,92.9,90.0434,93.17,92.49,1651472.0,91.62
2015-10-26,92.67,90.2673,92.92,92.72,803087.0,92.09
2015-10-27,91.9,90.3257,92.79,92.78,994233.0,91.56
2015-10-28,93.2,92.2825,94.82,94.79,998453.0,92.66
2015-10-29,94.22,92.6135,94.925,94.83,809545.0,93.54
2015-10-30,93.0,91.1291,93.69,93.31,2369113.0,92.05
2015-11-02,93.37,92.4866,94.85,94.7,1235064.0,92.92
2015-11-03,94.29,92.4084,95.14,94.62,3179343.0,93.77
2015-11-04,94.62,92.2522,95.13,94.46,1517152.0,94.33
2015-11-05,94.46,92.5842,95.25,94.8,1485397.0,94.46
2015-11-06,95.75,91.383,95.75,93.57,2045078.0,93.41
2015-11-09,93.4,90.2696,93.66,92.43,1209722.0,92.18
2015-11-10,92.26,90.8068,93.09,92.98,728237.0,91.75
2015-11-11,93.25,91.6955,94.05,93.89,796958.0,92.71
2015-11-12,93.19,90.631,93.73,92.8,949045.0,92.8
2015-11-13,92.84,90.924,93.35,93.1,1728422.0,92.33
2015-11-16,92.77,92.1643,94.37,94.37,878023.0,92.39
2015-11-17,94.26,91.4806,94.32,93.67,1259849.0,93.54
2015-11-18,93.75,92.7893,95.06,95.01,1031694.0,93.64
2015-11-19,94.86,91.6271,95.35,93.82,3082235.0,93.48
2015-11-20,93.92,92.6428,95.09,94.86,1213945.0,93.44
2015-11-23,94.86,92.5061,95.271,94.72,711852.0,94.46
2015-11-24,94.09,92.5354,95.17,94.75,930184.0,93.74
2015-11-25,94.66,92.301,94.84,94.51,506976.0,94.17
2015-11-27,94.68,92.4377,94.94,94.65,414428.0,94.17
2015-11-30,94.32,92.5256,95.11,94.74,1145711.0,94.32
2015-12-01,95.04,93.4632,95.82,95.7,754857.0,94.78
2015-12-02,95.58,92.3205,95.67,94.53,958232.0,94.36
2015-12-03,94.53,91.4904,94.99,93.68,1295240.0,93.15
2015-12-04,94.03,94.391,96.69,96.65,932701.0,93.75
2015-12-07,96.19,94.4789,96.9,96.74,1119948.0,95.92
2015-12-08,96.02,92.8772,96.27,95.1,1159253.0,94.97
2015-12-09,94.43,92.0276,95.8,94.23,1025871.0,93.99
2015-12-10,94.23,91.6369,94.39,93.83,1049341.0,93.51
2015-12-11,92.66,91.1193,94.005,93.3,1775840.0,92.3
2015-12-14,93.59,91.8811,94.485,94.08,1300386.0,92.2
2015-12-15,94.82,94.4301,96.95,96.69,1730612.0,94.62
2015-12-16,97.14,94.6547,97.79,96.92,1733715.0,95.58
2015-12-17,96.76,91.09,97.41,93.27,2858648.0,93.25
2015-12-18,92.65,88.8633,93.25,90.99,3295383.0,90.81
2015-12-21,91.47,88.6777,92.17,90.8,1224661.0,89.94
2015-12-22,90.85,88.9414,91.67,91.07,1299719.0,89.2
2015-12-23,91.4,89.6153,91.78,91.76,1264408.0,90.03
2015-12-24,91.81,89.8985,92.53,92.05,276060.0,91.19
2015-12-28,91.74,89.8497,92.18,92.0,710236.0,91.225
2015-12-29,92.7,91.6467,93.94,93.84,806598.0,92.63
2015-12-30,93.82,91.3537,94.16,93.54,662949.0,93.27
2015-12-31,93.11,90.0548,93.51,92.21,856574.0,92.19
2016-01-04,90.71,88.5898,90.88,90.71,1469226.0,89.72
2016-01-05,90.72,89.127,91.45,91.26,1558656.0,90.36
2016-01-06,90.4,87.7792,90.59,89.88,1442508.0,89.28
2016-01-07,88.33,86.4998,88.97,88.57,1949270.0,88.15
2016-01-08,88.81,84.9861,89.09,87.02,1179636.0,86.83
2016-01-11,87.53,84.3903,87.7,86.41,1208596.0,85.555
2016-01-12,87.2,85.113,87.29,87.15,1093321.0,85.72
2016-01-13,87.71,83.902,87.89,85.91,1196419.0,85.52
2016-01-14,86.11,85.3474,88.09,87.39,1135515.0,85.795
2016-01-15,87.65,84.0778,87.65,86.09,1676458.0,85.09
2016-01-19,86.76,83.9704,87.08,85.98,1089377.0,85.57
2016-01-20,84.58,82.9547,85.8399,84.94,1576883.0,83.83
2016-01-21,85.23,82.6422,85.96,84.62,894729.0,84.24
2016-01-22,85.92,84.3903,86.68,86.41,949259.0,85.72
2016-01-25,86.19,83.736,86.63,85.74,1453963.0,85.24
2016-01-26,86.19,84.0192,86.75,86.03,1113410.0,85.65
2016-01-27,86.02,83.902,86.39,85.91,1412330.0,85.25
2016-01-28,86.1,84.3708,87.99,86.09,947725.0,85.43
2016-01-29,86.73,86.076,87.98,87.83,1882348.0,86.3
2016-02-01,87.53,85.831,87.97,87.58,839071.0,86.99
2016-02-02,86.49,84.4786,87.01,86.2,900147.0,85.91
2016-02-03,87.06,85.9878,88.11,87.74,1414468.0,86.31
2016-02-04,87.45,87.1737,89.04,88.95,1255906.0,87.21
2016-02-05,89.2,91.0154,92.89,92.87,2260532.0,89.01
2016-02-08,92.27,91.1232,93.7,92.98,1982028.0,91.96
2016-02-09,92.47,91.0252,93.5,92.88,2188976.0,92.11
2016-02-10,93.04,90.9762,94.79,92.83,1496296.0,92.65
2016-02-11,91.31,90.839,93.23,92.69,1751246.0,90.855
2016-02-12,93.76,91.9268,94.98,93.8,1675512.0,93.72
2016-02-16,94.65,92.2698,94.99,94.15,1809831.0,93.9
2016-02-17,95.09,93.1029,95.575,95.0,2141074.0,94.71
2016-02-18,94.75,92.6815,95.02,94.57,1754022.0,93.99
2016-02-19,94.28,91.7112,94.42,93.58,1243724.0,92.98
2016-02-22,94.36,91.8974,94.69,93.77,1284046.0,93.43
2016-02-23,93.21,92.1914,95.02,94.07,2367368.0,92.88
2016-02-24,93.08,92.7697,95.115,94.66,1643763.0,92.92
2016-02-25,94.91,93.4067,95.45,95.31,1171494.0,94.52
2016-02-26,95.68,93.8477,96.5,95.76,1462139.0,95.44
2016-02-29,95.44,93.3871,96.45,95.29,1819016.0,95.26
2016-03-01,95.99,94.0339,96.81,95.95,1751138.0,95.69
2016-03-02,95.98,95.4451,97.41,97.39,1332491.0,95.6
2016-03-03,97.13,96.2586,98.35,98.22,1051722.0,97.07
2016-03-04,98.0,96.9544,99.46,98.93,1433074.0,97.95
2016-03-07,98.33,97.1602,99.29,99.14,1029953.0,98.04
2016-03-08,98.47,96.4742,99.5925,98.44,1115085.0,98.2
2016-03-09,98.74,96.7486,98.95,98.72,966083.0,98.3
2016-03-10,99.19,96.5918,99.54,98.56,931506.0,97.62
2016-03-11,99.63,98.4734,100.59,100.48,1104287.0,98.92
2016-03-14,99.93,97.7776,100.64,99.77,1420664.0,99.77
2016-03-15,98.91,97.8952,99.93,99.89,991423.0,98.91
2016-03-16,99.11,97.7972,100.55,99.79,1308135.0,99.08
2016-03-17,99.94,99.9631,102.58,102.0,1953013.0,99.5801
2016-03-18,102.17,99.4437,102.48,101.47,3541875.0,100.98
2016-03-21,101.08,99.5613,101.86,101.59,2093501.0,100.93
2016-03-22,101.31,99.4339,102.23,101.46,2534238.0,100.97
2016-03-23,101.24,98.5028,101.37,100.51,2463196.0,100.05
2016-03-24,100.03,99.1104,101.32,101.13,2178091.0,99.67
2016-03-28,101.51,100.1003,102.4899,102.14,881211.0,101.25
2016-03-29,102.05,100.8843,103.06,102.94,1371836.0,101.74
2016-03-30,103.2,101.8839,104.12,103.96,1441829.0,102.93
2016-03-31,103.96,102.3641,104.76,104.45,1441820.0,103.62
2016-04-01,104.09,102.7758,105.01,104.87,2170082.0,103.63
2016-04-04,104.63,102.7562,105.24,104.85,989940.0,104.5
2016-04-05,103.6,99.8749,104.06,101.91,2410112.0,101.85
2016-04-06,101.57,100.0611,102.13,102.1,1993508.0,100.98
2016-04-07,101.67,99.0124,102.09,101.03,834914.0,100.68
2016-04-08,102.0,99.2869,102.26,101.31,545753.0,101.04
2016-04-11,101.96,99.4437,102.56,101.47,800310.0,101.46
2016-04-12,101.85,100.4629,102.54,102.51,682854.0,101.24
2016-04-13,103.08,101.6781,103.78,103.75,744856.0,102.53
2016-04-14,103.75,101.8251,104.4,103.9,767060.0,103.46
2016-04-15,103.47,102.2171,104.39,104.3,806610.0,103.32
2016-04-18,103.89,103.55,105.66,105.66,793187.0,103.77
2016-04-19,105.99,103.0894,106.17,105.19,1110095.0,105.11
2016-04-20,105.64,102.3445,105.7,104.43,902514.0,103.95
2016-04-21,104.08,101.1293,104.66,103.19,1067674.0,103.18
2016-04-22,103.36,101.1685,104.0,103.23,1011305.0,102.94
2016-04-25,103.04,101.3841,103.51,103.45,932236.0,102.265
2016-04-26,103.9,102.6386,104.765,104.73,736392.0,103.72
2016-04-27,104.5,102.2367,104.73,104.32,843118.0,103.97
2016-04-28,103.11,101.4233,104.16,103.16,1252133.0,102.82
2016-04-29,102.66,103.3503,105.37,105.12,1760643.0,102.56
2016-05-02,105.55,104.8251,106.78,106.62,892095.0,105.1101
2016-05-03,105.81,103.9894,106.14,105.77,1189618.0,104.68
2016-05-04,105.32,104.186,106.206,105.97,1152806.0,104.74
2016-05-05,106.02,103.6354,106.69,105.41,1018225.0,105.27
2016-05-06,105.17,103.016,105.34,104.78,1447877.0,104.3
2016-05-09,104.68,102.9472,105.11,104.71,851661.0,104.36
2016-05-10,105.44,104.3335,106.31,106.12,943336.0,105.01
2016-05-11,106.07,103.7338,106.42,105.51,831623.0,105.44
2016-05-12,105.81,103.9402,105.995,105.72,1086437.0,104.71
2016-05-13,105.75,104.0287,106.16,105.81,1065698.0,105.16
2016-05-16,105.6,104.3925,106.47,106.18,662191.0,105.54
2016-05-17,106.14,103.9402,106.5,105.72,1004446.0,105.4
2016-05-18,105.74,103.6158,106.64,105.39,1218492.0,104.91
2016-05-19,104.95,103.016,105.21,104.78,774227.0,103.94
2016-05-20,105.19,103.6158,105.78,105.39,1020864.0,104.6401
2016-05-23,104.96,103.3602,105.49,105.13,728295.0,103.88
2016-05-24,105.53,105.1299,106.97,106.93,1369494.0,105.12
2016-05-25,107.0,104.9234,107.47,106.72,1046701.0,106.49
2016-05-26,107.0,105.179,107.2199,106.98,875489.0,106.29
2016-05-27,107.22,106.8012,109.0,108.63,1559491.0,106.87
2016-05-31,108.87,107.4305,109.65,109.27,2964353.0,108.51
2016-06-01,108.62,107.4993,109.405,109.34,1205458.0,108.07
2016-06-02,109.15,107.5878,109.44,109.43,742469.0,108.57
2016-06-03,108.88,106.8897,108.9,108.72,657860.0,107.79
2016-06-06,108.8,107.5583,109.45,109.4,1124131.0,108.49
2016-06-07,109.46,107.6763,110.04,109.52,959097.0,108.74
2016-06-08,109.28,107.922,110.02,109.77,1189103.0,108.94
2016-06-09,109.59,108.0105,110.01,109.86,569380.0,109.27
2016-06-10,108.8,107.5288,109.83,109.37,1176330.0,108.8
2016-06-13,108.86,106.2113,109.475,108.03,1112039.0,108.03
2016-06-14,107.75,105.6706,108.36,107.48,2173673.0,107.14
2016-06-15,107.42,104.7857,107.6,106.58,1361209.0,106.38
2016-06-16,105.72,105.1888,107.04,106.99,1114649.0,105.09
2016-06-17,107.01,105.061,107.07,106.86,1641131.0,105.86
2016-06-20,107.98,105.5723,108.55,107.38,1032270.0,107.31
2016-06-21,107.98,105.9852,108.33,107.8,815179.0,107.59
2016-06-22,107.96,105.9164,108.31,107.73,765994.0,107.57
2016-06-23,108.67,107.0667,109.02,108.9,1043935.0,108.17
2016-06-24,104.39,102.259,105.21,104.01,4711505.0,103.41
2016-06-27,102.57,99.1031,102.88,100.8,1596161.0,100.55
2016-06-28,101.85,102.1705,103.95,103.92,1505097.0,101.59
2016-06-29,104.72,104.6383,106.5,106.43,1334970.0,104.72
2016-06-30,106.95,107.3911,109.24,109.23,1992666.0,106.58
2016-07-01,109.29,107.922,110.17,109.77,1432245.0,109.11
2016-07-05,109.13,106.467,109.525,108.29,1062368.0,107.73
2016-07-06,107.64,106.2703,108.38,108.09,904133.0,107.33
2016-07-07,108.1,107.1158,109.35,108.95,1027775.0,107.95
2016-07-08,109.54,107.7254,109.76,109.57,832101.0,109.12
2016-07-11,109.98,108.3153,110.41,110.17,913360.0,109.57
2016-07-12,111.12,108.6987,111.46,110.56,755094.0,110.43
2016-07-13,110.8,108.4038,111.01,110.26,454884.0,110.15
2016-07-14,111.44,108.6889,111.6,110.55,877731.0,110.49
2016-07-15,110.79,108.974,111.1,110.84,944383.0,110.18
2016-07-18,110.96,108.6594,111.13,110.52,809807.0,110.41
2016-07-19,110.02,107.8827,110.32,109.73,1019744.0,109.09
2016-07-20,110.0,108.1285,110.17,109.98,458316.0,109.64
2016-07-21,109.84,107.4403,110.17,109.28,691160.0,108.99
2016-07-22,109.74,108.6987,110.59,110.56,503952.0,109.52
2016-07-25,110.5,108.4628,110.59,110.32,597128.0,110.16
2016-07-26,110.55,109.151,111.07,111.02,818479.0,110.33
2016-07-27,110.88,108.6299,111.22,110.49,895889.0,109.86
2016-07-28,109.96,108.8266,110.63,110.36,778173.0,109.57
2016-07-29,107.92,105.5823,108.4,107.07,2218900.0,105.35
2016-08-01,107.07,106.8149,108.78,108.32,1032459.0,106.93
2016-08-02,108.33,106.9036,108.9372,108.41,912681.0,107.76
2016-08-03,108.36,108.1856,109.71,109.71,1036369.0,108.34
2016-08-04,109.63,108.4223,110.34,109.95,1277063.0,109.61
2016-08-05,110.76,109.1125,110.92,110.65,808302.0,110.16
2016-08-08,110.5,108.8956,110.8326,110.43,923183.0,110.16
2016-08-09,110.23,108.7082,110.57,110.24,571689.0,110.17
2016-08-10,110.49,108.2448,110.5,109.77,667535.0,109.53
2016-08-11,110.19,108.3729,110.1999,109.9,719293.0,109.7
2016-08-12,109.76,108.087,110.08,109.61,757158.0,109.44
2016-08-15,109.66,108.0278,110.0,109.55,660473.0,109.25
2016-08-16,109.33,107.6531,109.89,109.17,564475.0,109.16
2016-08-17,109.21,107.9489,109.56,109.47,757528.0,108.92
2016-08-18,109.63,107.9095,109.7425,109.43,654995.0,109.16
2016-08-19,109.04,107.0516,109.63,108.56,1068677.0,108.13
2016-08-22,108.58,107.87,109.805,109.39,527333.0,108.48
2016-08-23,109.5,107.9193,109.84,109.44,543298.0,109.3
2016-08-24,109.5,107.9588,109.57,109.48,521461.0,109.07
2016-08-25,109.52,108.58,110.3,110.11,606071.0,109.41
2016-08-26,110.25,108.5011,111.2,110.03,577214.0,109.52
2016-08-29,110.38,109.8915,111.62,111.44,866078.0,110.105
2016-08-30,111.59,109.645,111.71,111.19,537539.0,110.69
2016-08-31,111.19,109.8028,111.45,111.35,1081884.0,110.54
2016-09-01,111.5,109.8028,112.14,111.35,665654.0,110.82
2016-09-02,111.9,110.5424,112.15,112.1,653471.0,111.7
2016-09-06,112.18,110.6508,112.22,112.21,609441.0,111.32
2016-09-07,111.99,110.71,112.5,112.27,610457.0,111.63
2016-09-08,112.2,110.0493,112.46,111.6,718281.0,111.59
2016-09-09,110.96,107.4164,111.23,108.93,847551.0,108.93
2016-09-12,108.52,109.5661,111.38,111.11,820388.0,108.455
2016-09-13,110.14,108.0475,110.23,109.57,557539.0,109.3
2016-09-14,109.62,107.4657,109.91,108.98,493234.0,108.8
2016-09-15,108.8,108.7772,110.69,110.31,716233.0,108.8
2016-09-16,109.88,107.8799,110.34,109.4,1146755.0,108.94
2016-09-19,109.96,108.4518,110.58,109.98,594266.0,109.53
2016-09-20,110.58,108.7772,110.85,110.31,730025.0,110.245
2016-09-21,110.43,110.5522,112.23,112.11,1530949.0,110.35
2016-09-22,112.8,111.7849,113.78,113.36,859798.0,112.46
2016-09-23,112.46,110.5917,112.89,112.15,799849.0,112.15
2016-09-26,111.91,110.069,112.11,111.62,732217.0,111.51
2016-09-27,111.59,110.8382,112.95,112.4,876119.0,111.31
2016-09-28,112.46,110.7199,112.58,112.28,752814.0,111.14
2016-09-29,111.98,109.3788,112.47,110.92,596059.0,110.46
2016-09-30,111.45,110.927,112.91,112.49,937233.0,111.45
2016-10-03,111.99,110.4536,112.19,112.01,783022.0,111.36
2016-10-04,111.92,109.8324,112.17,111.38,564293.0,111.01
2016-10-05,111.61,110.1972,112.37,111.75,578131.0,111.31
2016-10-06,111.56,111.6074,113.61,113.18,1034186.0,111.07
2016-10-07,113.25,110.9368,113.7,112.5,697052.0,112.32
2016-10-10,113.52,110.4142,113.75,111.97,958083.0,111.94
2016-10-11,111.49,108.3236,111.97,109.85,973090.0,109.555
2016-10-12,109.95,109.1618,111.16,110.7,769969.0,109.95
2016-10-13,110.29,108.6589,110.71,110.19,846625.0,109.6
2016-10-14,110.99,109.152,111.92,110.69,747744.0,110.69
2016-10-17,111.0,108.442,111.23,109.97,927387.0,109.86
2016-10-18,111.17,109.0534,111.17,110.59,723422.0,110.45
2016-10-19,110.95,109.1618,110.95,110.7,690762.0,109.98
2016-10-20,110.27,108.4913,110.87,110.02,733947.0,109.86
2016-10-21,109.1,108.0278,109.96,109.55,766762.0,108.63
2016-10-24,110.21,108.5011,110.56,110.03,563300.0,109.88
2016-10-25,109.72,106.2923,109.72,107.79,1320567.0,107.31
2016-10-26,107.36,106.6867,108.69,108.19,864060.0,107.19
2016-10-27,108.48,106.9135,108.9035,108.42,797481.0,107.74
2016-10-28,109.92,110.0789,112.81,111.3,1454453.0,109.6
2016-10-31,111.28,109.6141,111.52,110.83,1027063.0,110.16
2016-11-01,111.17,107.6162,111.19,108.81,844007.0,108.5
2016-11-02,108.76,106.3602,109.27,107.54,925434.0,107.5
2016-11-03,107.87,107.2898,109.36,108.48,737938.0,107.81
2016-11-04,108.59,106.6074,108.81,107.79,763213.0,107.73
2016-11-07,109.48,110.1679,111.45,111.39,1592886.0,109.33
2016-11-08,111.56,110.9196,113.23,112.15,1268519.0,110.85
2016-11-09,111.73,109.713,111.98,110.93,1905289.0,109.63
2016-11-10,111.87,111.5031,113.62,112.74,1755466.0,111.09
2016-11-11,112.54,109.2778,112.81,110.49,1453064.0,110.32
2016-11-14,110.96,108.9811,111.08,110.19,1932557.0,109.42
2016-11-15,110.07,108.9217,110.67,110.13,1341072.0,109.18
2016-11-16,109.93,108.7635,110.33,109.97,946715.0,109.5
2016-11-17,110.08,110.2075,111.49,111.43,845107.0,110.08
2016-11-18,111.39,110.7317,112.18,111.96,868809.0,111.0
2016-11-21,112.68,111.6811,113.47,112.92,1357697.0,112.3752
2016-11-22,112.9,112.1163,113.69,113.36,1246073.0,112.58
2016-11-23,113.53,112.2647,113.93,113.51,696575.0,113.0
2016-11-25,113.39,112.5614,113.97,113.81,520953.0,112.91
2016-11-28,113.23,111.5427,113.86,112.78,977659.0,112.72
2016-11-29,112.98,112.4031,113.99,113.65,1136785.0,112.36
2016-11-30,114.24,112.8482,114.5,114.1,2588977.0,113.7101
2016-12-01,114.0,110.8207,114.49,112.05,1156664.0,111.68
2016-12-02,111.84,110.3954,112.15,111.62,1053838.0,111.34
2016-12-05,112.42,111.1372,112.84,112.37,725649.0,111.79
2016-12-06,112.4,111.968,113.24,113.21,835077.0,111.95
2016-12-07,113.3,114.6779,116.59,115.95,2350930.0,112.67
2016-12-08,116.17,111.6515,116.5,112.89,2154091.0,112.68
2016-12-09,112.9,111.7899,113.35,113.03,1933707.0,111.93
2016-12-12,112.99,111.5031,113.7,112.74,1239176.0,112.31
2016-12-13,113.0,111.3251,113.45,112.56,1561106.0,112.06
2016-12-14,112.49,110.524,113.33,111.75,1067008.0,111.44
2016-12-15,111.57,111.1569,113.55,112.39,973077.0,111.57
2016-12-16,112.4,110.8602,112.63,112.09,1689049.0,111.42
2016-12-19,112.02,111.0976,112.53,112.33,837195.0,111.15
2016-12-20,112.54,110.6031,112.62,111.83,775109.0,111.41
2016-12-21,111.97,111.0185,113.12,112.25,587030.0,111.51
2016-12-22,112.06,111.246,112.57,112.48,554954.0,111.79
2016-12-23,112.63,111.6515,113.13,112.89,169915.0,112.39
2016-12-27,112.94,111.2657,113.06,112.5,107308.0,112.43
2016-12-28,112.64,110.4943,112.73,111.72,387171.0,111.7
2016-12-29,112.05,110.1976,112.28,111.42,445728.0,111.32
2016-12-30,111.77,110.3064,111.955,111.53,634271.0,111.06
2017-01-03,112.09,110.8504,112.4,112.08,839019.0,111.44
2017-01-04,112.43,112.0669,113.54,113.31,962435.0,112.19
2017-01-05,112.97,112.235,113.56,113.48,792293.0,112.31
2017-01-06,113.97,113.0954,114.84,114.35,642056.0,113.55
2017-01-09,113.91,112.1559,114.26,113.4,727165.0,113.4
2017-01-10,113.38,111.3943,113.82,112.63,844153.0,112.51
2017-01-11,112.39,111.4339,112.9,112.67,1079476.0,111.64
2017-01-12,112.03,111.4339,112.79,112.67,695309.0,111.45
2017-01-13,113.04,112.0471,113.81,113.29,598511.0,113.04
2017-01-17,112.78,112.3735,114.07,113.62,901524.0,112.25
2017-01-18,114.0,112.7987,114.23,114.05,960299.0,113.24
2017-01-19,114.32,111.0482,115.0,112.28,1982609.0,112.25
2017-01-20,112.5,110.8405,112.7,112.07,1580008.0,111.32
2017-01-23,111.97,110.4745,112.37,111.7,763589.0,111.3
2017-01-24,112.26,110.9789,112.72,112.21,1251486.0,111.82
2017-01-25,113.0,111.602,113.41,112.84,1361372.0,112.12
2017-01-26,112.94,111.7108,113.285,112.95,930454.0,112.59
2017-01-27,113.18,112.146,113.39,113.39,854330.0,112.39
2017-01-30,112.85,111.1668,112.85,112.07,876171.0,110.892
2017-01-31,111.94,111.7918,112.71,112.7,1199346.0,111.48
2017-02-01,112.75,110.2741,112.79,111.17,1750834.0,111.02
2017-02-02,110.6,111.5735,112.51,112.48,1334637.0,109.82
2017-02-03,112.78,113.1408,114.23,114.06,1426621.0,112.2
2017-02-06,113.27,113.1606,114.38,114.08,782981.0,113.02
2017-02-07,114.61,113.3293,114.64,114.25,808742.0,114.02
2017-02-08,113.71,113.4384,114.43,114.36,752781.0,113.22
2017-02-09,114.36,114.2419,115.2,115.17,1028434.0,114.3
2017-02-10,117.38,114.6585,117.76,115.59,1213365.0,114.0
2017-02-13,115.53,114.9362,116.16,115.87,950213.0,115.28
2017-02-14,115.69,114.9164,116.04,115.85,793066.0,114.96
2017-02-15,115.74,115.6207,116.7,116.56,739731.0,115.3
2017-02-16,116.7,116.3349,117.36,117.28,719443.0,116.45
2017-02-17,116.89,116.5828,117.64,117.53,962814.0,115.9
2017-02-21,117.2,114.6386,117.8,115.57,1471113.0,115.22
2017-02-22,115.61,114.6684,116.43,115.6,1091063.0,114.92
2017-02-23,115.85,115.2536,116.48,116.19,898247.0,115.57
2017-02-24,115.16,115.6207,116.56,116.56,712667.0,115.16
2017-02-27,116.82,115.4322,117.18,116.37,494192.0,116.02
2017-02-28,116.12,114.718,116.33,115.65,1212429.0,115.32
2017-03-01,117.5,116.563,117.89,117.51,917009.0,116.45
2017-03-02,117.55,115.5215,117.66,116.46,783869.0,116.33
2017-03-03,116.37,115.5413,116.79,116.48,762400.0,116.01
2017-03-06,115.8,114.7775,116.6,115.71,729556.0,115.66
2017-03-07,115.52,114.6089,115.99,115.54,774063.0,115.03
2017-03-08,116.0,114.6882,116.21,115.62,1046205.0,114.95
2017-03-09,115.76,115.3925,116.8,116.33,1175250.0,115.49
2017-03-10,116.57,116.9102,117.95,117.86,1582594.0,116.3
2017-03-13,118.0,117.9815,119.05,118.94,1496209.0,118.0
2017-03-14,118.75,117.4657,118.88,118.42,782523.0,118.13
2017-03-15,118.5,118.0608,119.17,119.02,1248780.0,118.18
2017-03-16,119.0,118.2791,119.42,119.24,960758.0,118.55
2017-03-17,119.55,117.9517,119.88,118.91,1203241.0,118.76
2017-03-20,118.82,117.2276,118.97,118.18,736303.0,118.0
2017-03-21,118.95,116.6225,118.95,117.57,1143339.0,117.2
2017-03-22,117.51,116.7614,118.05,117.71,893302.0,117.07
2017-03-23,117.68,116.5332,118.46,117.48,841943.0,117.32
2017-03-24,117.68,116.5928,118.17,117.54,807587.0,117.08
2017-03-27,116.41,117.2375,118.47,118.19,1132373.0,116.05
2017-03-28,117.88,117.922,119.35,118.88,1014705.0,117.75
2017-03-29,118.28,116.811,118.85,117.76,692645.0,117.69
2017-03-30,117.6,117.5252,118.65,118.48,1042616.0,117.0
2017-03-31,117.88,117.7335,119.02,118.69,1183798.0,117.74
2017-04-03,118.59,117.3764,119.0,118.33,1192907.0,117.69
2017-04-04,118.13,117.9418,118.92,118.9,927313.0,117.41
2017-04-05,119.01,118.2691,120.4,119.23,1056429.0,119.01
2017-04-06,119.24,118.4278,119.78,119.39,826725.0,118.38
2017-04-07,119.04,118.6758,120.27,119.64,1223869.0,118.95
2017-04-10,119.77,118.7949,120.31,119.76,975578.0,119.22
2017-04-11,119.22,118.7651,119.77,119.73,795948.0,118.62
2017-04-12,119.16,117.7137,119.48,118.67,896991.0,118.34
2017-04-13,118.47,117.1482,119.03,118.1,651841.0,118.1
2017-04-17,118.16,118.0906,119.2,119.05,957183.0,118.16
2017-04-18,118.42,117.9021,119.13,118.86,832704.0,118.26
2017-04-19,119.36,118.16,119.6,119.12,926687.0,118.71
2017-04-20,119.45,119.5884,121.05,120.56,1208659.0,118.96
2017-04-21,120.14,117.4756,120.4,118.43,1327024.0,118.39
2017-04-24,119.51,118.0807,120.29,119.04,2034649.0,118.76
2017-04-25,119.81,119.1024,120.25,120.07,655632.0,119.38
2017-04-26,120.07,119.1024,120.87,120.07,766274.0,119.93
2017-04-27,120.02,119.5289,120.57,120.14,847848.0,119.61
2017-04-28,119.9,119.2304,120.49,119.84,864427.0,119.6
2017-05-01,119.91,119.6781,120.95,120.29,1049313.0,119.74
2017-05-02,120.54,119.31,121.05,119.92,1055852.0,119.67
2017-05-03,119.9,119.7279,120.59,120.34,620340.0,119.49
2017-05-04,120.82,120.5835,121.54,121.2,821044.0,120.64
2017-05-05,121.6,121.6481,122.39,122.27,1202433.0,121.39
2017-05-08,122.54,122.1853,123.0,122.81,1606326.0,122.23
2017-05-09,124.87,123.6677,125.37,124.3,1977772.0,123.43
2017-05-10,124.22,123.4588,124.51,124.09,1486823.0,123.84
2017-05-11,123.95,123.6677,124.7,124.3,1400377.0,123.58
2017-05-12,123.52,123.608,124.6,124.24,1215485.0,123.45
2017-05-15,124.19,125.1203,125.93,125.76,1055839.0,124.06
2017-05-16,126.0,125.3392,126.14,125.98,1008954.0,125.38
2017-05-17,125.98,125.3392,126.69,125.98,1541318.0,124.7
2017-05-18,125.99,126.0456,127.37,126.69,1611501.0,125.47
2017-05-19,126.94,126.6326,127.89,127.28,1221182.0,126.62
2017-05-22,127.1,127.717,128.53,128.37,1676738.0,126.88
2017-05-23,128.19,127.9061,129.01,128.56,1452267.0,127.9
2017-05-24,128.96,128.5329,129.32,129.19,1070074.0,128.6
2017-05-25,129.7,129.6571,130.6,130.32,1272025.0,129.05
2017-05-26,130.32,129.3487,130.55,130.01,924673.0,129.89
2017-05-30,129.93,130.0451,130.95,130.71,902362.0,129.62
2017-05-31,131.11,130.2441,131.62,130.91,1762975.0,130.13
2017-06-01,131.28,130.9704,131.64,131.64,1069175.0,130.83
2017-06-02,131.46,130.7316,131.89,131.4,2006576.0,131.0
2017-06-05,131.3,130.3337,132.34,131.0,1554284.0,130.94
2017-06-06,130.36,129.7964,130.96,130.46,1136494.0,129.82
2017-06-07,131.02,130.7416,131.54,131.41,1216925.0,130.26
2017-06-08,131.41,131.0401,132.15,131.71,1134181.0,131.27
2017-06-09,131.82,131.9653,132.81,132.64,1215805.0,131.74
2017-06-12,132.48,132.3533,133.03,133.03,1431317.0,132.22
2017-06-13,133.23,133.3781,134.55,134.06,1755092.0,133.08
2017-06-14,134.0,134.3233,135.19,135.01,995836.0,133.72
2017-06-15,134.55,134.96,135.87,135.65,986811.0,134.55
2017-06-16,135.81,135.7659,136.49,136.46,1519488.0,135.36
2017-06-19,137.0,136.1042,137.28,136.8,1230736.0,136.44
2017-06-20,136.62,135.4575,136.86,136.15,1246625.0,136.11
2017-06-21,135.89,134.6118,136.24,135.3,1573929.0,135.24
2017-06-22,134.96,133.5671,135.46,134.25,1071987.0,134.17
2017-06-23,134.29,131.7265,134.38,132.4,1861536.0,132.39
2017-06-26,132.5,132.3533,133.41,133.03,1264081.0,132.39
2017-06-27,133.28,131.9056,133.31,132.58,1065270.0,132.55
2017-06-28,133.11,133.2985,134.18,133.98,814709.0,132.72
2017-06-29,134.92,132.1643,134.92,132.84,910091.0,132.28
2017-06-30,133.32,132.2737,133.55,132.95,1521335.0,132.19
2017-07-03,133.59,132.4827,133.99,133.16,558615.0,132.93
2017-07-05,133.37,132.2936,133.54,132.97,1275592.0,132.72
2017-07-06,133.21,132.7115,134.179,133.39,1189710.0,132.38
2017-07-07,133.72,134.3233,135.48,135.01,878282.0,133.5
2017-07-10,134.93,134.6118,135.82,135.3,966717.0,134.46
2017-07-11,135.45,133.3582,135.55,134.04,815201.0,133.94
2017-07-12,134.37,133.975,135.23,134.66,809758.0,133.85
2017-07-13,134.66,134.9401,135.73,135.63,735603.0,134.35
2017-07-14,135.23,135.5271,136.59,136.22,872945.0,134.64
2017-07-17,136.13,136.144,137.06,136.84,813370.0,135.82
2017-07-18,136.27,136.7111,137.6,137.41,600317.0,136.12
2017-07-19,137.66,137.3677,138.07,138.07,694560.0,137.19
2017-07-20,137.95,138.1338,139.06,138.84,745458.0,137.82
2017-07-21,138.48,138.4323,139.37,139.14,792581.0,138.48
2017-07-24,139.28,138.9198,140.12,139.63,1076793.0,138.6
2017-07-25,140.59,139.2879,141.31,140.0,771149.0,139.9
2017-07-26,140.0,138.2432,140.14,138.95,797679.0,138.86
2017-07-27,138.9,135.2187,138.94,135.91,1623009.0,135.6
2017-07-28,135.91,138.3228,138.95,138.67,1046623.0,135.86
2017-07-31,139.01,137.8241,139.52,138.17,808588.0,138.15
2017-08-01,138.67,139.2405,139.7,139.59,979176.0,138.15
2017-08-02,139.35,138.8814,139.66,139.23,1425753.0,138.4
2017-08-03,139.18,138.6221,139.37,138.97,1427258.0,138.0
2017-08-04,140.0,138.6021,141.45,138.95,1109902.0,138.01
2017-08-07,138.7,138.4226,140.11,138.77,944933.0,138.58
2017-08-08,138.46,138.233,138.89,138.58,1033008.0,138.32
2017-08-09,138.25,139.839,140.32,140.19,754394.0,138.25
2017-08-10,139.33,138.5024,140.07,138.85,837917.0,138.76
2017-08-11,139.44,138.0435,139.52,138.39,708834.0,138.31
2017-08-14,139.43,139.3103,140.07,139.66,679348.0,139.0
2017-08-15,140.13,138.9313,140.34,139.28,835350.0,139.23
2017-08-16,139.5,138.9712,140.21,139.32,878059.0,139.19
2017-08-17,139.3,136.3578,139.73,136.7,1170804.0,136.68
2017-08-18,136.5,136.1782,137.61,136.52,1328154.0,136.32
2017-08-21,136.74,137.8241,138.35,138.17,1228816.0,136.25
2017-08-22,138.65,139.2206,139.63,139.57,1152514.0,138.18
2017-08-23,139.01,137.8739,139.35,138.22,803706.0,138.13
2017-08-24,138.35,137.435,138.82,137.78,721582.0,137.72
2017-08-25,138.41,137.7044,138.69,138.05,726260.0,137.85
2017-08-28,138.34,138.0335,138.84,138.38,652328.0,137.97
2017-08-29,137.5,137.5547,138.2,137.9,942249.0,137.02
2017-08-30,137.79,137.8041,138.67,138.15,733948.0,137.55
2017-08-31,138.3,138.8116,139.27,139.16,1399215.0,138.1
2017-09-01,139.45,138.5123,139.74,138.86,824996.0,138.82
2017-09-05,138.77,139.9986,141.06,140.35,1361166.0,138.48
2017-09-06,140.91,139.8789,141.11,140.23,1067394.0,139.88
2017-09-07,140.26,138.263,140.56,138.61,1136484.0,138.31
2017-09-08,138.6,142.2829,143.13,142.64,1630607.0,138.52
2017-09-11,143.12,142.3028,144.81,142.66,1275520.0,141.9
2017-09-12,142.63,142.5323,143.03,142.89,875321.0,142.28
2017-09-13,142.69,142.632,143.25,142.99,932473.0,142.0
2017-09-14,142.82,141.7841,142.82,142.14,1138014.0,141.23
2017-09-15,142.14,142.9512,143.45,143.31,2569109.0,141.89
2017-09-18,143.56,143.6893,144.16,144.05,852657.0,142.97
2017-09-19,144.5,144.0784,145.2,144.44,1136829.0,144.19
2017-09-20,144.9,145.6145,146.21,145.98,1094684.0,144.73
2017-09-21,146.02,144.5771,146.57,144.94,1123660.0,144.55
2017-09-22,145.0,145.6544,146.16,146.02,775548.0,143.6
2017-09-25,145.32,144.8564,145.93,145.22,798317.0,144.72
2017-09-26,146.04,145.9138,147.4,146.28,1484645.0,145.35
2017-09-27,147.66,146.0634,147.66,146.43,967496.0,146.02
2017-09-28,146.77,146.5821,147.21,146.95,1033843.0,146.2
2017-09-29,146.7,145.7342,147.41,146.1,1290055.0,145.52
2017-10-02,146.28,146.9212,147.52,147.29,929945.0,145.56
2017-10-03,146.98,146.9412,147.51,147.31,712832.0,146.45
2017-10-04,147.29,146.2828,147.29,146.65,785707.0,146.03
2017-10-05,146.86,146.2729,147.21,146.64,1394149.0,146.5
2017-10-06,147.12,146.4724,147.2,146.84,752168.0,146.5
2017-10-09,146.83,146.9811,147.87,147.35,554982.0,146.76
2017-10-10,147.32,147.2604,147.65,147.63,830257.0,147.0
2017-10-11,147.66,147.4,147.81,147.77,800017.0,146.94
2017-10-12,147.59,148.8664,149.5,149.24,1417455.0,147.55
2017-10-13,149.52,149.006,150.12,149.38,694401.0,148.93
2017-10-16,149.95,149.5746,150.16,149.95,521663.0,148.89
2017-10-17,150.04,148.8265,150.15,149.2,830185.0,148.5
2017-10-18,149.25,149.2255,149.96,149.6,998247.0,148.84
2017-10-19,149.32,150.4424,150.86,150.82,628299.0,148.92
2017-10-20,151.65,151.1606,151.85,151.54,773242.0,150.98
2017-10-23,151.66,151.5596,152.47,151.94,650280.0,151.28
2017-10-24,151.91,151.9985,152.78,152.38,784627.0,151.85
2017-10-25,151.9,151.2703,152.34,151.65,708992.0,150.88
2017-10-26,152.15,150.8314,152.15,151.21,1510197.0,149.8
2017-10-27,146.75,145.814,147.98,146.18,1738663.0,144.91
2017-10-30,143.47,143.0909,145.53,143.45,1532573.0,143.0
2017-10-31,142.73,143.43,144.62,143.43,1481171.0,142.69
2017-11-01,143.82,142.84,144.71,142.84,1085710.0,142.69
2017-11-02,142.92,138.96,143.29,138.96,2832610.0,137.85
2017-11-03,138.88,138.64,139.24,138.64,1614190.0,137.91
2017-11-06,138.54,140.18,141.4,140.18,1411399.0,138.25
2017-11-07,140.28,140.21,140.99,140.21,1211360.0,139.89
2017-11-08,140.64,140.87,141.22,140.87,1364554.0,139.86
2017-11-09,140.59,143.46,143.59,143.46,1375045.0,140.07
2017-11-10,142.84,143.25,144.02,143.25,995708.0,142.41
2017-11-13,142.56,141.89,144.09,141.89,971770.0,141.82
2017-11-14,141.74,143.54,143.77,143.54,799183.0,141.43
2017-11-15,143.29,142.83,143.99,142.83,962967.0,142.55
2017-11-16,143.16,141.28,143.5933,141.28,1026900.0,141.22
2017-11-17,140.78,141.18,141.49,141.18,912114.0,140.09
2017-11-20,141.67,142.05,142.39,142.05,1031530.0,140.89
2017-11-21,142.05,141.44,142.07,141.44,1238839.0,141.14
2017-11-22,141.55,139.24,141.95,139.24,1042145.0,139.09
2017-11-24,139.63,138.63,139.77,138.63,884143.0,138.34
2017-11-27,138.55,138.12,138.9,138.12,1374388.0,138.11
2017-11-28,138.26,139.94,140.55,139.94,894117.0,138.14
2017-11-29,140.01,140.47,141.19,140.47,961602.0,139.96
2017-11-30,141.2,140.22,141.31,140.22,2817231.0,139.24
2017-12-01,140.73,142.24,142.56,142.24,1546618.0,139.7
2017-12-04,142.94,139.67,143.39,139.67,1493450.0,139.58
2017-12-05,139.87,139.24,139.87,139.24,1007099.0,138.27
2017-12-06,139.68,139.11,139.68,139.11,760518.0,138.75
2017-12-07,138.8,138.46,139.14,138.46,966149.0,137.33
2017-12-08,138.99,138.49,138.99,138.49,652962.0,138.0
2017-12-11,138.24,138.3,138.69,138.3,1035727.0,137.8
2017-12-12,138.85,138.5,138.97,138.5,1068172.0,138.12
2017-12-13,138.3,136.56,138.66,136.56,1228950.0,136.47
2017-12-14,136.7,136.58,137.37,136.58,1444903.0,135.98
2017-12-15,137.68,138.39,139.65,138.39,2786153.0,137.305
2017-12-18,138.96,137.19,139.62,137.19,1251667.0,136.9
2017-12-19,137.09,136.87,138.305,136.87,1294757.0,136.22
2017-12-20,136.86,136.39,137.65,136.39,831674.0,136.31
2017-12-21,136.855,135.34,137.36,135.34,878050.0,135.18
2017-12-22,135.23,133.35,135.58,133.35,1376765.0,133.2
2017-12-26,133.66,133.3,133.91,133.3,510554.0,133.11
2017-12-27,133.61,133.92,134.13,133.92,733340.0,133.15
2017-12-28,134.5,134.52,134.68,134.52,767920.0,133.68
2017-12-29,134.85,134.0,135.29,134.0,657699.0,133.97
2018-01-02,134.25,131.49,134.75,131.49,844978.0,131.25
2018-01-03,131.48,133.59,133.72,133.59,1098693.0,130.87
2018-01-04,134.55,135.42,136.53,135.42,1413053.0,133.8536
2018-01-05,135.4,136.57,136.7,136.57,818919.0,134.975
2018-01-08,135.83,136.58,136.79,136.58,925305.0,135.19
2018-01-09,136.73,136.92,138.28,136.92,1455731.0,136.37
2018-01-10,137.01,136.66,137.42,136.66,1207336.0,135.69
2018-01-11,136.51,135.27,136.62,135.27,737132.0,134.92
2018-01-12,135.89,136.55,137.29,136.55,894725.0,134.61
2018-01-16,136.39,134.54,136.75,134.54,1172959.0,134.29
2018-01-17,135.15,136.5,136.98,136.5,1040267.0,134.88
2018-01-18,136.07,135.08,136.08,135.08,1086630.0,133.41
2018-01-19,135.64,135.18,135.83,135.18,1297793.0,134.38
