Date,Low,High,Open,Close,Adj Close,Volume
2015-01-02,64.89,66.58,66.53,65.79,60.7009,1014165.0
2015-01-05,64.19,65.2,65.09,64.5,59.5107,1516028.0
2015-01-06,62.78,64.76,64.76,63.73,58.8003,1754393.0
2015-01-07,63.86,64.78,64.3,64.78,59.7691,1013640.0
2015-01-08,65.44,66.223,65.44,66.13,61.0146,1180331.0
2015-01-09,64.56,66.53,66.44,64.8,59.7875,975057.0
2015-01-12,64.24,65.07,65.06,64.66,59.6584,1575206.0
2015-01-13,63.725,65.93,65.12,64.19,59.2247,1943682.0
2015-01-14,62.16,63.75,63.75,63.49,58.5789,1932403.0
2015-01-15,62.6,64.07,63.76,62.64,57.7946,2575439.0
2015-01-16,61.95,63.24,62.53,63.2,58.3113,1357536.0
2015-01-20,62.56,63.57,63.19,63.36,58.4589,1260578.0
2015-01-21,62.73,64.14,62.97,64.01,59.0586,1394837.0
2015-01-22,64.18,65.83,64.4,65.62,60.5441,1674474.0
2015-01-23,64.99,66.28,66.12,65.0,59.9721,2068191.0
2015-01-26,64.67,65.4,64.82,64.85,59.8337,1988731.0
2015-01-27,61.82,64.07,64.04,62.49,57.6562,4182396.0
2015-01-28,61.21,63.0,62.62,62.29,57.4717,4263108.0
2015-01-29,62.67,65.28,63.06,64.6,59.603,3473617.0
2015-01-30,61.62,63.65,63.6,61.7,56.9273,3576539.0
2015-02-02,60.775,62.06,61.63,61.68,56.9089,2184586.0
2015-02-03,62.2,63.53,62.25,63.49,58.5789,1379266.0
2015-02-04,62.65,63.45,63.12,62.76,57.9053,1276647.0
2015-02-05,62.97,63.56,63.01,63.14,58.2559,1223890.0
2015-02-06,63.274,64.36,63.4,64.21,59.2432,1571647.0
2015-02-09,63.73,64.59,63.84,63.79,58.8557,1337173.0
2015-02-10,63.01,64.36,64.09,63.81,58.8741,1231920.0
2015-02-11,62.6,63.98,63.52,62.76,57.9053,1830511.0
2015-02-12,62.38,63.11,62.92,63.08,58.2006,1720625.0
2015-02-13,62.89,63.95,62.91,63.9,59.2432,1182068.0
2015-02-17,63.64,64.62,63.98,64.32,59.6326,1027897.0
2015-02-18,63.18,64.15,63.94,63.26,58.6498,1489985.0
2015-02-19,62.98,63.65,63.26,63.37,58.7518,766767.0
2015-02-20,62.5,63.8,62.93,63.48,58.8538,1464647.0
2015-02-23,62.25,63.38,63.21,62.39,57.8432,1862805.0
2015-02-24,61.87,62.47,62.39,62.28,57.7412,2278395.0
2015-02-25,62.08,63.4,62.1,63.36,58.7425,1690416.0
2015-02-26,63.35,64.0,63.42,63.84,59.1875,1838967.0
2015-02-27,63.51,64.4296,64.06,63.57,58.9372,1405080.0
2015-03-02,63.5,65.2,63.56,65.07,60.3279,2274315.0
2015-03-03,63.85,64.95,64.95,64.15,59.4749,1267518.0
2015-03-04,62.51,63.96,63.8,62.84,58.2604,1159546.0
2015-03-05,62.71,63.34,62.94,63.0,58.4088,1051050.0
2015-03-06,61.96,63.26,62.75,62.06,57.5373,2634348.0
2015-03-09,61.28,63.03,62.02,62.88,58.2975,2044808.0
2015-03-10,61.98,62.71,62.34,62.21,57.6763,1422539.0
2015-03-11,62.16,62.72,62.4,62.16,57.63,1947354.0
2015-03-12,60.26,62.75,62.48,60.85,56.4154,4481008.0
2015-03-13,58.24,60.23,60.21,58.8,54.5148,6399091.0
2015-03-16,58.75,59.3,58.99,59.24,54.9228,2256171.0
2015-03-17,59.03,59.99,59.03,59.75,55.3956,2484373.0
2015-03-18,59.01,61.36,59.75,60.9,56.4618,2467765.0
2015-03-19,60.72,61.43,60.72,61.18,56.7214,1425905.0
2015-03-20,61.26,62.09,61.43,61.94,57.426,4502578.0
2015-03-23,61.58,62.38,61.81,61.74,57.2406,2249360.0
2015-03-24,60.92,61.7,61.55,60.92,56.4803,1027065.0
2015-03-25,60.27,62.15,61.83,60.27,55.8777,1428029.0
2015-03-26,59.78,60.25,59.8,59.98,55.6088,1199224.0
2015-03-27,59.32,60.24,59.8,59.46,55.1267,1927740.0
2015-03-30,59.84,60.965,59.97,60.75,56.3227,1887281.0
2015-03-31,60.42,60.89,60.44,60.74,56.3135,1593947.0
2015-04-01,59.99,61.1,60.7,60.28,55.887,1733246.0
2015-04-02,60.0,61.2,60.2,61.05,56.6009,1444867.0
2015-04-06,60.5502,61.95,60.77,61.61,57.1201,2703106.0
2015-04-07,61.1603,61.9,61.37,61.4,56.9254,2130394.0
2015-04-08,61.78,62.53,61.78,62.33,57.7876,2773575.0
2015-04-09,61.98,62.66,62.04,62.59,58.0286,1785088.0
2015-04-10,62.27,62.96,62.65,62.51,57.9545,1661696.0
2015-04-13,62.31,62.92,62.62,62.44,57.8896,1412377.0
2015-04-14,61.19,62.366,62.06,62.17,57.6392,1382867.0
2015-04-15,61.57,62.26,62.18,61.7,57.2035,2012980.0
2015-04-16,61.14,61.93,61.64,61.71,57.2128,2277510.0
2015-04-17,60.29,61.33,61.31,60.6,56.1837,2490112.0
2015-04-20,60.93,61.83,60.99,61.77,57.2684,3422535.0
2015-04-21,55.59,57.78,56.44,55.72,51.6593,15471892.0
2015-04-22,55.51,56.96,55.76,56.23,52.1321,7542921.0
2015-04-23,56.14,57.2,56.48,56.95,52.7997,2999092.0
2015-04-24,57.08,57.7875,57.41,57.23,53.0593,2458511.0
2015-04-27,56.87,57.66,57.43,57.5,53.3096,2760019.0
2015-04-28,56.65,57.91,57.67,56.93,52.7811,2963323.0
2015-04-29,56.53,57.075,56.6,56.85,52.7069,2265865.0
2015-04-30,56.17,56.88,56.75,56.21,52.1136,2481268.0
2015-05-01,56.36,56.78,56.69,56.59,52.4659,2044349.0
2015-05-04,56.54,57.06,56.78,56.7,52.5679,2296457.0
2015-05-05,56.66,57.58,56.76,57.16,52.9944,3318034.0
2015-05-06,56.31,57.27,57.2,56.53,52.4103,2186150.0
2015-05-07,56.3013,57.0,56.43,56.86,52.7162,1081574.0
2015-05-08,57.17,57.89,57.4,57.23,53.0593,1236756.0
2015-05-11,56.85,57.6,57.01,56.88,52.7348,1166232.0
2015-05-12,56.11,56.84,56.63,56.18,52.0858,1749834.0
2015-05-13,55.705,56.475,56.4,55.8,51.7335,1910019.0
2015-05-14,53.04,55.51,55.48,54.61,50.6302,7396594.0
2015-05-15,54.61,55.72,54.73,55.69,51.6315,3959523.0
2015-05-18,55.62,56.19,55.71,56.16,52.0672,2004506.0
2015-05-19,55.73,56.33,56.33,55.98,51.9003,1944411.0
2015-05-20,55.89,56.67,55.98,56.53,52.4103,2241670.0
2015-05-21,56.39,57.1025,56.5,57.0,52.846,1966713.0
2015-05-22,56.9,57.25,57.0,56.95,52.7997,2110102.0
2015-05-26,54.56,56.72,56.72,54.94,51.2235,2552104.0
2015-05-27,54.7,55.26,55.0,54.97,51.2515,1973000.0
2015-05-28,53.76,54.93,54.82,54.02,50.3658,2670285.0
2015-05-29,53.38,53.99,53.95,53.49,49.8716,2596771.0
2015-06-01,53.1,53.68,53.68,53.39,49.7784,2347974.0
2015-06-02,53.2,54.97,53.2,54.02,50.3658,2121328.0
2015-06-03,54.2,55.06,54.24,54.53,50.8413,1729077.0
2015-06-04,54.005,54.7,54.13,54.17,50.5056,1314019.0
2015-06-05,53.94,54.5,54.19,54.3,50.6268,1324338.0
2015-06-08,53.85,54.38,54.23,53.9,50.2539,1718162.0
2015-06-09,53.64,54.31,53.94,54.02,50.3658,1412676.0
2015-06-10,53.55,54.84,53.59,54.69,50.9905,1924720.0
2015-06-11,53.94,54.72,54.03,54.72,51.0184,2481602.0
2015-06-12,54.41,54.85,54.41,54.52,50.832,1848690.0
2015-06-15,53.8207,54.655,54.04,54.52,50.832,1956675.0
2015-06-16,54.37,54.78,54.48,54.71,51.0091,1083442.0
2015-06-17,54.77,57.11,54.98,56.66,52.8272,3939412.0
2015-06-18,57.57,59.61,57.57,59.01,55.0182,7034826.0
2015-06-19,58.035,59.0,58.98,58.3,54.3563,3542607.0
2015-06-22,58.58,59.1,58.78,58.75,54.7758,2415932.0
2015-06-23,58.18,59.04,58.62,58.2,54.263,2271265.0
2015-06-24,57.57,58.54,58.31,57.85,53.9367,1787969.0
2015-06-25,57.28,57.89,57.88,57.42,53.5358,1090089.0
2015-06-26,56.86,57.7,57.7,56.91,53.0603,3588779.0
2015-06-29,55.87,56.64,56.51,55.93,52.1466,2197256.0
2015-06-30,55.85,56.72,56.59,56.35,52.5382,1894742.0
2015-07-01,55.94,56.95,56.91,56.1,52.3051,1928251.0
2015-07-02,55.65,56.61,56.59,56.03,52.2398,1362194.0
2015-07-06,55.784,56.79,56.3,56.45,52.6314,2430984.0
2015-07-07,55.3501,56.79,56.45,56.66,52.8272,1770688.0
2015-07-08,54.27,55.85,55.7,54.7,50.9998,3173071.0
2015-07-09,54.56,55.377,55.26,54.7,50.9998,1257861.0
2015-07-10,54.7,55.83,55.43,55.68,51.9135,1462130.0
2015-07-13,56.03,56.66,56.23,56.53,52.706,2064640.0
2015-07-14,56.94,58.22,56.94,57.61,53.7129,3136463.0
2015-07-15,55.78,57.69,57.54,55.86,52.0813,2514136.0
2015-07-16,55.32,56.442,56.32,55.68,51.9135,2242125.0
2015-07-17,54.74,55.6,55.51,54.96,51.2422,2344953.0
2015-07-20,54.66,55.345,55.03,54.94,51.2235,2758785.0
2015-07-21,56.43,58.05,57.49,57.67,53.7689,6184224.0
2015-07-22,57.46,59.33,57.46,58.61,54.6453,4753275.0
2015-07-23,58.03,59.29,58.81,58.25,54.3096,2205285.0
2015-07-24,57.47,58.73,58.73,57.57,53.6756,2608876.0
2015-07-27,57.245,58.02,57.38,57.8,53.8901,2113276.0
2015-07-28,57.77,58.4965,58.22,58.18,54.2444,1861802.0
2015-07-29,58.13,58.78,58.33,58.65,54.6826,1738522.0
2015-07-30,58.25,58.87,58.25,58.59,54.6266,1513154.0
2015-07-31,58.11,58.82,58.77,58.3,54.3563,1631248.0
2015-08-03,57.8,58.62,58.5,58.0,54.0766,1379374.0
2015-08-04,57.52,58.5,57.66,57.95,54.0299,1019352.0
2015-08-05,58.0,58.64,58.22,58.11,54.1791,1548331.0
2015-08-06,57.96,58.72,58.1,58.45,54.4961,1912597.0
2015-08-07,58.27,59.39,58.45,58.75,54.7758,1917391.0
2015-08-10,58.9059,60.67,58.93,60.41,56.3235,3063729.0
2015-08-11,59.37,60.02,59.67,59.72,55.6802,2349296.0
2015-08-12,58.06,59.19,59.08,58.66,54.6919,2009140.0
2015-08-13,58.21,59.35,58.36,58.9,54.9157,1351588.0
2015-08-14,58.53,59.59,58.79,59.23,55.2233,1457351.0
2015-08-17,58.8803,59.98,59.17,59.88,55.8294,1782546.0
2015-08-18,59.46,59.98,59.82,59.79,55.7455,1666523.0
2015-08-19,59.2,60.33,59.32,59.84,55.7921,2051723.0
2015-08-20,58.53,59.59,59.13,58.54,54.58,3177805.0
2015-08-21,56.14,58.35,58.0,56.29,52.4822,3846239.0
2015-08-24,53.16,56.03,53.25,54.29,50.6175,1037240.0
2015-08-25,53.2,55.865,55.55,53.21,49.6106,3147174.0
2015-08-26,53.67,55.0,54.68,54.89,51.1769,2351554.0
2015-08-27,55.41,56.6099,55.67,56.58,52.7526,1980134.0
2015-08-28,56.17,56.74,56.52,56.64,52.8086,1767601.0
2015-08-31,55.86,56.575,56.15,56.05,52.2585,1982999.0
2015-09-01,54.27,55.43,54.79,54.65,50.9532,2150306.0
2015-09-02,54.99,55.79,55.33,55.79,52.016,2226766.0
2015-09-03,55.64,56.61,56.12,55.79,52.016,2102464.0
2015-09-04,54.42,55.22,54.79,54.78,51.0744,2857816.0
2015-09-08,54.58,56.0,55.59,55.76,51.9881,2913063.0
2015-09-09,55.31,56.68,56.27,55.43,51.6804,1919698.0
2015-09-10,54.0,55.26,55.26,54.8,51.093,3387620.0
2015-09-11,54.35,54.92,54.41,54.78,51.3634,2236797.0
2015-09-14,54.34,55.355,54.82,54.48,51.0821,2423470.0
2015-09-15,54.26,55.16,54.35,54.99,51.5603,1802610.0
2015-09-16,54.89,56.16,54.92,55.96,52.4698,2080653.0
2015-09-17,55.56,56.56,55.97,55.7,52.226,1885290.0
2015-09-18,54.16,55.075,55.01,54.42,51.0259,4488708.0
2015-09-21,54.5,55.5,54.53,54.82,51.4009,2001514.0
2015-09-22,53.23,53.94,53.81,53.6,50.257,2769716.0
2015-09-23,52.945,53.86,53.6,53.09,49.7788,2026042.0
2015-09-24,52.23,53.68,52.31,53.44,50.107,2312565.0
2015-09-25,53.58,54.135,53.89,53.88,50.5195,1910816.0
2015-09-28,52.45,53.74,53.52,52.75,49.46,2371824.0
2015-09-29,52.42,53.5825,52.79,53.22,49.9007,2663384.0
2015-09-30,54.18,55.47,54.31,54.9,51.4759,3064061.0
2015-10-01,53.13,54.95,54.85,54.09,50.7164,2672532.0
2015-10-02,53.07,54.99,53.37,54.95,51.5228,2134770.0
2015-10-05,55.2,56.4,55.23,55.85,52.3667,2500041.0
2015-10-06,54.59,56.23,55.75,54.82,51.4009,2811481.0
2015-10-07,53.92,55.31,54.87,54.55,51.1477,4509110.0
2015-10-08,54.2,55.35,54.23,55.08,51.6447,2527556.0
2015-10-09,54.85,55.59,55.08,55.09,51.6541,2469958.0
2015-10-12,53.77,54.735,54.52,54.66,51.2509,3280554.0
2015-10-13,54.02,55.97,54.34,55.0,51.5697,3163002.0
2015-10-14,54.25,55.68,55.0,54.39,50.9977,2665116.0
2015-10-15,53.53,55.08,54.75,54.97,51.5416,4080587.0
2015-10-16,54.95,55.49,55.15,55.41,51.9541,1922073.0
2015-10-19,55.21,57.1,55.29,56.05,52.5542,4406655.0
2015-10-20,46.52,51.99,51.29,48.25,45.2407,31739422.0
2015-10-21,46.47,48.29,47.8,47.03,44.0968,10885862.0
2015-10-22,47.0,48.19,47.28,48.11,45.1094,6748748.0
2015-10-23,47.39,48.51,48.5,48.2,45.1938,6521398.0
2015-10-26,47.87,48.388,48.2,47.98,44.9875,3168321.0
2015-10-27,47.49,48.17,47.76,47.69,44.7156,2895464.0
2015-10-28,46.8,48.1,47.68,47.73,44.7531,3858810.0
2015-10-29,47.39,49.99,47.42,49.96,46.844,9364552.0
2015-10-30,48.81,49.95,49.95,49.45,46.3658,3781356.0
2015-11-02,48.98,49.72,49.45,49.1,46.0377,2897989.0
2015-11-03,48.96,50.005,48.96,49.89,46.7784,2478686.0
2015-11-04,48.715,49.945,49.86,48.87,45.822,4136763.0
2015-11-05,48.89,49.63,49.01,49.51,46.4221,1961112.0
2015-11-06,48.59,49.7,49.21,49.16,46.0939,2537631.0
2015-11-09,48.73,49.3399,49.18,49.03,45.972,2000447.0
2015-11-10,48.795,49.64,48.8,49.62,46.5252,1832967.0
2015-11-11,49.22,50.15,49.72,49.31,46.2346,1755695.0
2015-11-12,48.19,49.12,48.9,48.33,45.3157,2160719.0
2015-11-13,47.32,48.31,48.2,47.54,44.575,2530593.0
2015-11-16,47.11,48.2,47.49,48.13,45.1282,2716030.0
2015-11-17,47.96,48.69,48.2,48.35,45.3344,2381156.0
2015-11-18,48.44,49.81,48.45,49.77,46.6659,2461439.0
2015-11-19,48.9011,50.08,49.63,49.81,46.7034,2362623.0
2015-11-20,49.74,50.62,50.08,50.29,47.1534,4379938.0
2015-11-23,49.21,50.15,49.79,49.72,46.619,3194813.0
2015-11-24,48.68,49.7701,49.21,49.54,46.4502,2523231.0
2015-11-25,49.24,49.9,49.56,49.73,46.6284,2294918.0
2015-11-27,48.54,49.755,49.65,48.73,45.6907,1314767.0
2015-11-30,48.35,48.98,48.77,48.92,45.8689,2594222.0
2015-12-01,48.6,49.53,49.0,48.92,45.8689,1956008.0
2015-12-02,47.5,48.99,48.9,47.65,44.6781,2326958.0
2015-12-03,46.75,47.84,47.82,47.0,44.0686,4252707.0
2015-12-04,46.7801,47.94,47.02,47.66,44.6875,3639801.0
2015-12-07,47.008,47.86,47.25,47.46,44.4999,2372442.0
2015-12-08,46.89,47.46,46.89,47.18,44.2374,1657720.0
2015-12-09,45.96,47.86,46.92,46.14,43.5529,1950701.0
2015-12-10,45.94,46.425,46.25,46.32,43.7228,1778045.0
2015-12-11,45.29,45.97,45.76,45.63,43.0715,2393804.0
2015-12-14,45.14,46.09,45.73,45.53,42.9771,1956768.0
2015-12-15,45.93,46.58,45.97,45.95,43.3736,1650919.0
2015-12-16,46.08,46.95,46.1,46.83,44.2043,2269709.0
2015-12-17,45.098,46.7,46.66,45.42,42.8733,3575990.0
2015-12-18,45.04,45.76,45.24,45.12,42.5901,5554443.0
2015-12-21,45.0,45.59,45.55,45.22,42.6845,1332061.0
2015-12-22,45.0,45.64,45.46,45.48,42.9299,1386740.0
2015-12-23,45.75,47.01,45.75,46.55,43.94,1744964.0
2015-12-24,46.11,46.55,46.55,46.15,43.5624,592186.0
2015-12-28,45.05,46.2,46.03,45.77,43.2037,1668218.0
2015-12-29,45.61,46.2,46.1,46.02,43.4397,1359878.0
2015-12-30,45.545,46.12,45.95,45.56,43.0055,1323269.0
2015-12-31,45.34,46.09,45.52,45.39,42.845,1757823.0
2016-01-04,44.2,45.54,44.69,45.52,42.9677,2705977.0
2016-01-05,44.97,46.38,45.74,45.29,42.7506,2392263.0
2016-01-06,42.89,44.9,44.63,43.4,40.9666,5167176.0
2016-01-07,42.51,43.89,42.74,43.13,40.7117,3936036.0
2016-01-08,43.1,44.08,43.44,43.75,41.2969,4740244.0
2016-01-11,41.89,43.85,43.43,42.9,40.4946,3911654.0
2016-01-12,41.85,43.6395,43.4,42.35,39.9754,3640140.0
2016-01-13,41.71,43.05,42.5,41.8,39.4563,4957978.0
2016-01-14,40.9,42.21,41.75,41.97,39.6168,2480069.0
2016-01-15,39.38,40.9,40.75,40.44,38.1725,5218228.0
2016-01-19,40.02,41.03,40.94,40.66,38.3802,2409892.0
2016-01-20,38.88,40.44,39.99,39.91,37.6723,3526081.0
2016-01-21,39.59,41.37,40.04,40.67,38.3896,3149141.0
2016-01-22,40.12,41.5,41.33,40.73,38.4463,3114923.0
2016-01-25,39.9,41.43,40.88,40.09,37.8422,3119667.0
2016-01-26,38.14,39.62,39.57,38.55,36.3885,7167481.0
2016-01-27,37.18,39.12,38.51,37.49,35.3879,8610448.0
2016-01-28,36.36,41.17,40.67,38.92,36.7378,10967062.0
2016-01-29,38.13,40.36,39.29,40.0,37.7572,5470249.0
2016-02-01,39.12,40.35,39.86,40.13,37.8799,3584092.0
2016-02-02,38.67,39.7995,39.77,39.5,37.2852,2809605.0
2016-02-03,38.74,40.17,39.87,39.85,37.6156,3531086.0
2016-02-04,39.88,41.61,39.91,41.25,38.9371,5008498.0
2016-02-05,40.58,41.41,41.2,40.97,38.6728,2824616.0
2016-02-08,38.5,40.72,40.25,39.3,37.0965,3291833.0
2016-02-09,37.85,39.0,38.71,38.71,36.5395,3149742.0
2016-02-10,38.8,39.615,39.03,38.99,36.8038,2235489.0
2016-02-11,37.9101,38.6,38.36,38.12,35.9826,3768292.0
2016-02-12,36.97,38.75,38.11,38.72,36.8794,3337266.0
2016-02-16,39.09,39.7407,39.32,39.7,37.8128,2516944.0
2016-02-17,40.13,41.64,40.13,41.37,39.4034,2622055.0
2016-02-18,41.19,41.85,41.6,41.61,39.632,2017354.0
2016-02-19,41.3,42.085,41.43,42.0,40.0034,2506338.0
2016-02-22,42.24,43.29,42.56,42.96,40.9178,2485419.0
2016-02-23,41.94,42.83,42.64,42.22,40.213,1626675.0
2016-02-24,40.91,42.25,41.78,42.14,40.1368,1713071.0
2016-02-25,41.77,43.32,42.16,43.32,41.2607,1545364.0
2016-02-26,43.29,43.91,43.56,43.38,41.3178,1589195.0
2016-02-29,42.99,43.65,43.33,43.17,41.1178,1981618.0
2016-03-01,43.3,44.18,43.76,44.07,41.975,1656350.0
2016-03-02,44.02,45.17,44.32,44.92,42.7846,2359474.0
2016-03-03,44.69,46.57,44.97,46.51,44.299,2105791.0
2016-03-04,45.865,47.14,46.31,46.76,44.5372,2141751.0
2016-03-07,46.3,47.62,46.35,46.93,44.6991,2706078.0
2016-03-08,46.465,47.23,46.72,46.86,44.6324,3014651.0
2016-03-09,46.53,48.0,47.02,47.54,45.2801,2106026.0
2016-03-10,47.02,47.94,47.75,47.63,45.3658,1593804.0
2016-03-11,47.96,49.42,48.01,48.93,46.604,2366242.0
2016-03-14,48.15,48.96,48.89,48.39,46.0897,1978094.0
2016-03-15,46.97,48.21,48.16,47.35,45.0991,2632879.0
2016-03-16,47.01,48.95,47.32,48.56,46.2516,3163907.0
2016-03-17,47.96,48.96,48.71,48.73,46.4135,3260076.0
2016-03-18,48.8,49.83,48.86,49.6,47.2421,4571969.0
2016-03-21,49.3,49.9858,49.32,49.75,47.385,1689544.0
2016-03-22,48.7488,49.75,49.32,49.66,47.2993,1924968.0
2016-03-23,48.29,49.725,49.52,48.37,46.0706,2041967.0
2016-03-24,47.175,48.04,48.04,47.86,45.5849,1938905.0
2016-03-28,47.86,48.68,48.0,48.31,46.0135,1525920.0
2016-03-29,48.06,49.31,48.07,49.22,46.8802,2084054.0
2016-03-30,49.08,50.03,49.5,49.48,47.1279,2729475.0
2016-03-31,49.4,51.54,49.54,51.33,48.8899,5289576.0
2016-04-01,50.66,51.96,51.14,51.66,49.2042,2442990.0
2016-04-04,51.17,52.0,51.65,51.22,48.7851,1702707.0
2016-04-05,49.77,51.03,50.65,49.84,47.4707,3923622.0
2016-04-06,45.13,47.75,47.72,46.34,44.1371,10542550.0
2016-04-07,44.415,46.28,45.25,44.5,42.3846,5681968.0
2016-04-08,44.37,45.47,44.88,44.62,42.4989,2635478.0
2016-04-11,44.89,46.22,44.89,45.23,43.0799,2299238.0
2016-04-12,44.74,45.64,45.22,44.92,42.7846,1898890.0
2016-04-13,45.84,47.185,47.01,46.83,44.6038,6388260.0
2016-04-14,46.64,47.82,46.83,47.5,45.242,4089679.0
2016-04-15,46.02,47.615,47.37,46.43,44.2228,3902983.0
2016-04-18,45.9,47.33,46.29,46.95,44.7181,3611588.0
2016-04-19,44.54,47.55,47.14,45.78,43.6037,11898470.0
2016-04-20,45.32,47.37,45.92,46.94,44.7086,4710841.0
2016-04-21,46.34,48.06,46.96,48.03,45.7468,3526521.0
2016-04-22,48.01,49.36,48.01,48.57,46.2611,3154632.0
2016-04-25,48.27,48.8825,48.35,48.58,46.2706,1896572.0
2016-04-26,48.46,49.4,48.62,49.38,47.0326,2011148.0
2016-04-27,49.03,49.89,49.36,49.45,47.0993,1675022.0
2016-04-28,47.89,49.24,49.16,47.99,45.7087,2008292.0
2016-04-29,47.23,47.9945,47.98,47.83,45.5563,1733004.0
2016-05-02,47.15,48.35,48.02,48.32,46.023,1842637.0
2016-05-03,47.57,48.2211,47.8,48.11,45.823,2457586.0
2016-05-04,46.6,47.84,47.64,46.78,44.5562,1861421.0
2016-05-05,45.72,47.1997,46.78,46.22,44.0228,3718782.0
2016-05-06,45.36,46.49,46.07,45.99,43.8038,2244640.0
2016-05-09,45.8,46.69,46.15,45.9,43.718,5379726.0
2016-05-10,45.9,46.43,46.06,46.4,44.1943,1976275.0
2016-05-11,45.43,46.19,46.09,45.67,43.499,2406004.0
2016-05-12,45.395,46.2,45.99,45.62,43.4513,3233089.0
2016-05-13,45.39,46.12,45.54,45.56,43.3942,2281327.0
2016-05-16,44.625,45.41,45.04,45.01,42.8703,2673184.0
2016-05-17,44.56,45.62,44.79,44.86,42.7275,2612696.0
2016-05-18,43.97,44.94,44.75,44.4,42.2893,2201542.0
2016-05-19,43.27,44.31,44.17,43.81,41.7274,2310647.0
2016-05-20,43.55,44.39,43.55,43.91,41.8226,2800157.0
2016-05-23,43.71,44.65,43.92,44.22,42.1179,2091455.0
2016-05-24,43.96,44.78,44.19,44.54,42.756,1926147.0
2016-05-25,44.67,45.4,44.68,45.23,43.4184,1395689.0
2016-05-26,44.93,45.64,45.25,45.42,43.6008,1474340.0
2016-05-27,45.29,46.12,45.46,45.53,43.7064,1301854.0
2016-05-31,45.66,46.56,45.87,46.39,44.5319,2798073.0
2016-06-01,45.75,46.305,46.25,46.23,44.3784,1323400.0
2016-06-02,45.94,46.55,46.21,46.15,44.3016,1235613.0
2016-06-03,45.06,46.05,45.82,45.79,43.956,1685710.0
2016-06-06,43.87,45.15,44.65,45.08,43.2744,3951830.0
2016-06-07,44.62,45.7295,45.06,45.4,43.5816,2206367.0
2016-06-08,45.66,46.43,45.66,46.39,44.5319,2197349.0
2016-06-09,45.15,45.98,45.96,45.15,43.3416,1590134.0
2016-06-10,43.66,44.65,44.65,44.47,42.6889,2737813.0
2016-06-13,43.85,44.55,44.13,43.86,42.1033,1639948.0
2016-06-14,42.99,44.1,43.85,43.77,42.0169,2153481.0
2016-06-15,43.43,44.89,43.43,44.15,42.3817,1997682.0
2016-06-16,43.42,44.69,43.99,44.59,42.804,1399341.0
2016-06-17,44.39,45.37,44.5,45.13,43.3224,2946139.0
2016-06-20,45.8,47.25,45.84,46.31,44.4552,2459514.0
2016-06-21,45.86,46.34,46.2,46.16,44.3112,1347879.0
2016-06-22,45.1,46.35,45.5,46.14,44.292,2095689.0
2016-06-23,46.45,47.03,46.82,46.86,44.9831,1349963.0
2016-06-24,43.52,45.64,44.92,43.55,41.8057,4654745.0
2016-06-27,41.63,43.0,43.0,42.39,40.6922,3436639.0
2016-06-28,42.3341,43.14,42.88,42.9,41.1817,2455145.0
2016-06-29,43.125,44.48,43.41,44.33,42.5545,2068463.0
2016-06-30,43.96,45.32,44.4,45.3,43.4856,2150012.0
2016-07-01,45.34,54.77,45.41,54.25,52.0771,23122500.0
2016-07-05,47.491,50.66,49.66,48.37,46.4326,12343480.0
2016-07-06,46.4125,47.89,47.6,47.49,45.5879,8283310.0
2016-07-07,47.39,48.4,47.51,47.82,45.9047,2134312.0
2016-07-08,47.99,49.37,47.99,48.73,46.7782,2700331.0
2016-07-11,48.54,49.01,48.65,48.65,46.7014,1799891.0
2016-07-12,49.17,50.43,49.25,49.62,47.6326,3673406.0
2016-07-13,48.72,49.64,49.58,48.91,46.951,1919299.0
2016-07-14,47.83,49.01,48.8,48.54,46.5958,1982290.0
2016-07-15,47.8,48.43,48.43,48.1,46.1735,2370969.0
2016-07-18,48.25,49.0,48.35,48.74,46.7878,1718935.0
2016-07-19,48.05,48.65,48.47,48.26,46.3271,1014843.0
2016-07-20,47.03,49.4,47.38,49.35,47.3734,2707987.0
2016-07-21,49.33,50.77,49.45,50.17,48.1605,3645551.0
2016-07-22,49.69,50.46,50.32,50.12,48.1126,1857263.0
2016-07-25,49.85,50.36,50.11,49.99,47.9878,1447992.0
2016-07-26,49.8,50.45,50.18,50.24,48.2277,1573997.0
2016-07-27,50.07,51.11,50.38,50.58,48.5541,3486766.0
2016-07-28,47.63,51.43,48.49,51.01,48.9669,5061355.0
2016-07-29,49.13,57.33,50.0,52.92,50.8004,11218694.0
2016-08-01,51.61,53.23,52.8,51.66,49.5909,3531550.0
2016-08-02,50.915,51.71,51.71,51.46,49.3989,1775014.0
2016-08-03,51.1,52.02,51.58,51.63,49.5621,1586543.0
2016-08-04,51.61,53.54,51.63,53.13,51.002,2097575.0
2016-08-05,53.04,54.33,53.23,53.49,51.3476,1878629.0
2016-08-08,53.68,54.58,54.03,53.96,51.7987,1615023.0
2016-08-09,53.29,53.92,53.9,53.32,51.1844,1002299.0
2016-08-10,53.14,53.77,53.47,53.27,51.1364,846985.0
2016-08-11,53.42,54.13,53.57,53.78,51.626,1095550.0
2016-08-12,53.41,54.07,53.75,53.72,51.5684,1308496.0
2016-08-15,53.74,55.23,53.9,55.15,52.9411,1664995.0
2016-08-16,54.28,55.31,54.78,54.29,52.1155,985136.0
2016-08-17,53.96,54.75,54.29,54.48,52.2979,1843117.0
2016-08-18,50.1,55.0,54.54,53.54,51.3956,11641000.0
2016-08-19,52.88,54.12,53.22,53.65,51.5012,1817037.0
2016-08-22,53.05,54.141,53.65,53.93,51.77,1084611.0
2016-08-23,53.84,54.65,54.2,54.04,51.8755,1558919.0
2016-08-24,53.18,54.43,54.05,53.38,51.242,945446.0
2016-08-25,53.09,53.96,53.39,53.24,51.1076,1053355.0
2016-08-26,52.41,53.99,53.53,52.57,50.4644,1371543.0
2016-08-29,50.96,52.7,51.4,52.33,50.234,1943470.0
2016-08-30,52.44,53.28,52.44,52.75,50.6372,1077414.0
2016-08-31,51.92,53.0,52.5,52.7,50.5892,1424055.0
2016-09-01,52.33,53.27,52.88,52.89,50.7716,1110510.0
2016-09-02,52.76,53.38,53.17,53.09,50.9636,960746.0
2016-09-06,52.36,53.6,53.33,52.42,50.3204,2553778.0
2016-09-07,52.3,53.08,52.54,52.71,50.5988,2013150.0
2016-09-08,51.65,52.95,52.7,52.38,50.282,1845040.0
2016-09-09,50.56,52.31,52.08,50.57,48.8805,2603657.0
2016-09-12,49.11,51.61,49.51,51.47,49.7504,2076693.0
2016-09-13,50.66,52.1,51.03,51.28,49.5668,2026164.0
2016-09-14,50.65,51.68,51.24,50.87,49.1705,1469577.0
2016-09-15,50.04,51.82,50.04,51.44,49.7214,1962718.0
2016-09-16,50.98,51.95,51.06,51.7,49.9728,3121246.0
2016-09-19,51.45,52.63,52.06,52.01,50.2724,1495192.0
2016-09-20,50.36,52.32,52.18,50.44,48.7549,1919912.0
2016-09-21,50.66,54.12,50.69,52.42,50.6687,9445784.0
2016-09-22,51.72,52.999,52.78,51.95,50.2144,1710492.0
2016-09-23,51.57,52.55,51.68,52.52,50.7654,1659810.0
2016-09-26,51.58,52.38,52.05,51.69,49.9631,1158620.0
2016-09-27,51.56,52.3,51.72,52.14,50.3981,1116543.0
2016-09-28,51.97,52.9,52.2,52.84,51.0747,1102969.0
2016-09-29,52.26,53.4,52.56,52.48,50.7267,1780910.0
2016-09-30,51.955,53.08,52.91,52.59,50.833,1746606.0
2016-10-03,50.83,52.73,52.43,51.0,49.2961,2809934.0
2016-10-04,50.405,51.46,51.05,50.52,48.8322,1655547.0
2016-10-05,50.54,51.76,50.54,51.3,49.5861,2037524.0
2016-10-06,50.0,51.255,51.04,50.16,48.4842,4186766.0
2016-10-07,49.395,50.49,50.38,50.0,48.3296,1682888.0
2016-10-10,50.33,50.94,50.35,50.52,48.8322,942661.0
2016-10-11,49.76,50.59,50.33,50.02,48.3489,1047657.0
2016-10-12,49.73,50.44,49.84,50.19,48.5132,1070881.0
2016-10-13,48.55,50.91,49.05,50.42,48.7355,3030091.0
2016-10-14,49.655,50.9,50.79,49.83,48.1652,2193700.0
2016-10-17,49.595,50.27,49.85,49.7,48.0396,2352027.0
2016-10-18,49.57,54.55,50.74,54.19,52.3796,7621634.0
2016-10-19,54.43,55.35,54.43,54.75,52.9209,5193878.0
2016-10-20,54.45,56.49,54.84,55.61,53.7521,3910619.0
2016-10-21,55.0,56.43,55.13,56.37,54.4867,2475991.0
2016-10-24,56.45,57.43,56.53,57.1,55.1923,2256651.0
2016-10-25,55.955,56.88,56.75,56.6,54.7091,2879414.0
2016-10-26,56.19,56.96,56.29,56.55,54.6607,1775614.0
2016-10-27,55.43,56.91,56.91,55.51,53.6555,2197338.0
2016-10-28,55.42,56.67,55.61,56.07,54.1968,1452012.0
2016-10-31,55.79,58.35,56.36,57.02,55.115,4979539.0
2016-11-01,55.715,57.37,57.35,56.33,54.4481,1552717.0
2016-11-02,55.79,56.68,56.17,55.98,54.1098,1680284.0
2016-11-03,55.83,56.66,56.0,55.92,54.0518,1420409.0
2016-11-04,55.48,56.54,55.98,55.88,54.0131,1425232.0
2016-11-07,56.295,57.09,56.85,56.52,54.6317,2657831.0
2016-11-08,56.11,57.14,56.58,57.0,55.0957,1845514.0
2016-11-09,55.72,58.965,56.06,58.78,56.8162,3469125.0
2016-11-10,58.83,61.35,58.89,59.44,57.4542,4405627.0
2016-11-11,58.82,59.77,59.19,59.0,57.0289,3370148.0
2016-11-14,58.905,60.05,58.98,59.02,57.0482,3239101.0
2016-11-15,57.46,59.16,59.16,58.29,56.3426,2633653.0
2016-11-16,57.03,58.32,58.1,57.68,55.753,1855299.0
2016-11-17,57.8101,58.42,58.07,58.1,56.1589,1631437.0
2016-11-18,57.52,58.6,58.05,58.14,56.1976,2149774.0
2016-11-21,58.32,58.98,58.55,58.65,56.6906,1181594.0
2016-11-22,58.805,59.82,58.99,59.75,57.7538,2205015.0
2016-11-23,59.42,60.18,59.62,59.95,57.9471,1196328.0
2016-11-25,59.73,60.275,60.04,60.16,58.1501,1073126.0
2016-11-28,59.4701,60.25,60.15,59.81,57.8118,1780182.0
2016-11-29,59.58,60.47,59.92,59.92,57.9181,997335.0
2016-11-30,60.04,61.14,60.26,60.89,58.8557,2163763.0
2016-12-01,60.92,62.35,61.15,62.07,59.9963,2122018.0
2016-12-02,59.38,62.08,61.9,59.71,57.7152,3249409.0
2016-12-05,59.9,60.73,60.08,59.98,57.9761,1728255.0
2016-12-06,59.53,60.37,60.25,60.35,58.3338,1291862.0
2016-12-07,60.28,61.75,60.41,61.71,59.6483,2276651.0
2016-12-08,60.54,62.08,61.96,61.57,59.513,1434036.0
2016-12-09,60.54,61.54,61.54,60.81,58.7784,1503129.0
2016-12-12,60.105,61.3199,60.92,60.75,58.7204,1532287.0
2016-12-13,59.9,61.12,60.85,61.06,59.0201,2442648.0
2016-12-14,59.92,60.98,60.56,60.0,58.3338,2822810.0
2016-12-15,59.18,60.61,60.2,59.83,58.1685,3510286.0
2016-12-16,58.94,60.02,59.98,59.17,57.5268,3672952.0
2016-12-19,57.92,59.575,59.34,59.23,57.5852,1950414.0
2016-12-20,59.14,60.325,59.4,59.79,58.1296,2578196.0
2016-12-21,59.45,59.96,59.82,59.71,58.0518,2029394.0
2016-12-22,56.81,59.24,59.0,57.84,56.2338,2172901.0
2016-12-23,57.63,58.25,57.96,58.18,56.5643,1019398.0
2016-12-27,57.9925,58.5901,58.5,58.44,56.8171,695529.0
2016-12-28,57.76,58.67,58.54,57.91,56.3018,761169.0
2016-12-29,57.92,58.57,58.0,58.16,56.5449,1357697.0
2016-12-30,57.97,58.46,58.4,58.34,56.7199,958772.0
2017-01-03,58.63,59.63,58.7,58.94,57.3032,1477440.0
2017-01-04,58.51,59.75,59.26,59.59,57.9352,1637356.0
2017-01-05,59.01,59.995,59.3,59.65,57.9935,1394753.0
2017-01-06,57.94,59.58,59.0,59.1,57.4588,1824794.0
2017-01-09,57.83,59.1915,59.12,58.15,56.5351,3611557.0
2017-01-10,58.3,58.8,58.38,58.5,56.8754,1506028.0
2017-01-11,57.58,58.615,58.46,58.01,56.399,1285816.0
2017-01-12,57.44,58.96,57.72,58.32,56.7004,1808616.0
2017-01-13,58.32,58.94,58.47,58.73,57.099,1505141.0
2017-01-17,58.42,59.39,58.53,58.95,57.3129,1683706.0
2017-01-18,58.31,59.42,58.98,58.52,56.8949,1565350.0
2017-01-19,57.83,58.69,58.52,58.23,56.6129,1470690.0
2017-01-20,57.8,59.79,58.38,58.62,56.9921,2453436.0
2017-01-23,58.351,59.37,58.48,59.26,57.6143,2035605.0
2017-01-24,59.04,59.93,59.04,59.7,58.0421,1453775.0
2017-01-25,59.03,60.18,60.1,60.02,58.3532,1523819.0
2017-01-26,59.83,60.91,60.0,60.18,58.5088,1353746.0
2017-01-27,58.78,60.195,60.19,59.09,57.449,1478656.0
2017-01-30,57.49,59.1,59.1,57.92,56.3115,2761148.0
2017-01-31,54.75,57.19,55.02,57.04,55.456,6754652.0
2017-02-01,55.95,57.62,57.1,56.59,55.0185,4032754.0
2017-02-02,56.11,57.17,56.6,56.25,54.6879,2064931.0
2017-02-03,56.04,56.81,56.5,56.45,54.8824,2426625.0
2017-02-06,56.01,57.54,56.24,56.66,55.0865,1994125.0
2017-02-07,56.455,57.235,56.73,56.61,55.0379,3453296.0
2017-02-08,56.24,56.86,56.75,56.84,55.2615,1287420.0
2017-02-09,56.305,57.28,56.89,56.76,55.1837,1659520.0
2017-02-10,56.72,57.48,56.87,57.34,55.7476,1615836.0
2017-02-13,56.79,57.48,57.32,57.16,55.9275,1155711.0
2017-02-14,56.91,57.86,56.91,57.74,56.495,998808.0
2017-02-15,57.07,57.65,57.47,57.31,56.0743,1581140.0
2017-02-16,56.385,57.47,57.34,56.42,55.2035,1845421.0
2017-02-17,56.17,56.945,56.41,56.93,55.7025,1068019.0
2017-02-21,56.63,57.45,56.9,57.13,55.8981,1456722.0
2017-02-22,56.9,57.58,57.05,57.55,56.3091,2482115.0
2017-02-23,57.41,57.97,57.9,57.68,56.4363,1789592.0
2017-02-24,55.99,57.34,57.34,56.56,55.3404,2307846.0
2017-02-27,55.53,57.18,55.89,57.02,55.7905,2183563.0
2017-02-28,56.28,57.36,56.99,56.38,55.1643,2568458.0
2017-03-01,57.29,58.85,57.54,58.4,57.1408,2471347.0
2017-03-02,57.96,58.81,58.09,58.64,57.3756,2314674.0
2017-03-03,58.09,58.87,58.65,58.82,57.5517,1406447.0
2017-03-06,57.54,58.51,58.45,57.58,56.3384,1660640.0
2017-03-07,56.95,57.93,57.5,57.78,56.5341,1719547.0
2017-03-08,57.67,58.57,57.83,58.53,57.268,1702254.0
2017-03-09,58.31,58.96,58.5,58.75,57.4832,2425365.0
2017-03-10,59.34,61.12,59.34,60.05,58.7552,2884438.0
2017-03-13,59.485,60.57,60.16,60.51,59.2053,2717467.0
2017-03-14,59.88,60.61,60.36,60.1,58.8041,1332701.0
2017-03-15,61.54,63.04,61.94,62.94,61.5829,2768108.0
2017-03-16,62.4,63.4,62.86,62.47,61.123,1606431.0
2017-03-17,62.18,62.69,62.45,62.25,60.9078,1474503.0
2017-03-20,61.75,62.59,62.27,61.85,60.5164,1611868.0
2017-03-21,60.54,62.36,62.04,60.57,59.264,1336108.0
2017-03-22,59.85,60.7,60.61,60.53,59.2248,1603526.0
2017-03-23,60.32,60.91,60.55,60.53,59.2248,891146.0
2017-03-24,59.9,60.81,60.8,60.2,58.902,761704.0
2017-03-27,59.61,60.33,60.05,60.18,58.8824,1059899.0
2017-03-28,60.08,60.98,60.08,60.69,59.3814,880695.0
2017-03-29,60.33,60.82,60.64,60.6,59.2933,537961.0
2017-03-30,60.18,61.05,60.45,61.01,59.6945,1044643.0
2017-03-31,60.45,61.2,60.97,60.5,59.1955,2951485.0
2017-04-03,60.7,61.85,61.07,61.48,60.1544,2236937.0
2017-04-04,60.91,61.55,61.16,60.99,59.6749,1661962.0
2017-04-05,59.99,61.48,61.26,60.02,58.7258,1544141.0
2017-04-06,60.0,60.98,60.28,60.84,59.5282,1630201.0
2017-04-07,60.46,61.2996,60.57,60.91,59.5966,1546557.0
2017-04-10,60.93,62.95,60.94,61.84,60.5066,4141779.0
2017-04-11,61.66,62.12,61.88,62.05,60.7121,1985575.0
2017-04-12,60.84,62.59,62.59,61.05,59.7336,3272529.0
2017-04-13,59.37,60.87,60.87,59.7,58.4127,4346261.0
2017-04-17,59.27,60.18,60.11,59.4,58.1192,5002056.0
2017-04-18,56.37,58.5,56.84,56.91,55.6829,8263631.0
2017-04-19,56.14,57.065,57.04,56.41,55.1937,3760442.0
2017-04-20,56.17,56.78,56.74,56.47,55.2524,2733443.0
2017-04-21,55.68,56.444,56.31,55.81,54.6066,2908376.0
2017-04-24,56.12,56.97,56.49,56.32,55.1056,3268400.0
2017-04-25,56.47,57.27,56.57,57.21,55.9764,2659569.0
2017-04-26,57.01,58.2118,57.22,57.88,56.632,2153922.0
2017-04-27,57.72,58.35,57.79,58.03,56.7787,2026526.0
2017-04-28,56.56,58.06,57.99,56.81,55.585,2654270.0
2017-05-01,56.08,57.64,57.39,56.39,55.1741,2170945.0
2017-05-02,55.885,56.53,56.5,56.11,54.9001,1487665.0
2017-05-03,55.09,56.08,55.96,55.56,54.362,1961013.0
2017-05-04,55.45,55.87,55.83,55.62,54.4207,1530922.0
2017-05-05,55.435,56.22,55.7,56.19,54.9784,1665065.0
2017-05-08,55.21,56.39,56.25,55.54,54.3424,1910115.0
2017-05-09,55.5,56.45,55.55,56.22,55.0078,1808473.0
2017-05-10,55.82,56.92,56.05,56.75,55.5263,1314377.0
2017-05-11,55.44,56.57,56.56,55.54,54.3424,1468869.0
2017-05-12,55.01,55.54,55.28,55.21,54.0195,981517.0
2017-05-15,53.63,55.49,55.27,54.04,52.8748,3233482.0
2017-05-16,53.75,54.1599,54.03,54.11,52.9433,1366782.0
2017-05-17,52.83,53.69,53.48,52.99,51.8474,1931057.0
2017-05-18,52.23,52.97,52.8,52.76,51.6224,2110418.0
2017-05-19,52.39,53.14,52.8,52.62,51.4854,2320979.0
2017-05-22,52.72,53.49,52.91,52.95,51.8083,2737073.0
2017-05-23,52.59,53.14,52.87,52.84,52.0578,1356437.0
2017-05-24,51.96,53.11,52.9,52.0,51.2302,2244370.0
2017-05-25,51.63,52.49,52.15,51.86,51.0923,3923484.0
2017-05-26,51.63,52.6,51.8,52.32,51.5455,1797223.0
2017-05-30,52.12,53.09,52.29,53.01,52.2253,1507688.0
2017-05-31,52.61,53.06,53.03,53.01,52.2253,1454186.0
2017-06-01,53.12,53.97,53.38,53.31,52.5208,1449180.0
2017-06-02,52.9,53.65,53.18,53.24,52.4519,955129.0
2017-06-05,53.08,53.72,53.14,53.43,52.639,1186769.0
2017-06-06,51.8,52.98,52.98,52.07,51.2992,1801535.0
2017-06-07,51.97,52.34,52.3,52.13,51.3583,1486188.0
2017-06-08,51.61,53.45,52.01,52.85,52.0676,1722412.0
2017-06-09,52.72,53.31,52.85,53.28,52.4913,1558695.0
2017-06-12,53.11,54.09,53.36,53.23,52.442,1479742.0
2017-06-13,53.15,53.73,53.3,53.69,52.8952,823757.0
2017-06-14,52.91,53.5746,53.51,53.34,52.5504,1480890.0
2017-06-15,52.76,55.08,53.0,54.89,54.0774,3495011.0
2017-06-16,54.64,56.09,55.13,55.49,54.6686,3796856.0
2017-06-19,54.88,55.86,55.55,55.45,54.6291,1514668.0
2017-06-20,55.44,56.12,55.57,55.51,54.6883,1326708.0
2017-06-21,55.49,56.57,55.55,55.96,55.1316,4286443.0
2017-06-22,55.82,56.95,55.88,56.23,55.3976,2415290.0
2017-06-23,54.89,55.97,55.87,55.54,54.7178,2887875.0
2017-06-26,54.09,56.55,55.75,55.1,54.2843,3508757.0
2017-06-27,54.49,55.235,55.02,54.51,53.7031,1490955.0
2017-06-28,54.68,55.605,54.85,54.71,53.9001,1789281.0
2017-06-29,53.63,54.98,54.85,54.08,53.2794,2096910.0
2017-06-30,54.0,54.76,54.29,54.02,53.2203,2431094.0
2017-07-03,54.09,55.79,54.09,54.83,54.0183,1697501.0
2017-07-05,53.93,54.93,54.77,53.93,53.1316,2143522.0
2017-07-06,52.77,54.0,53.9,52.84,52.0578,1874401.0
2017-07-07,52.455,53.125,52.95,52.5,51.7228,1768831.0
2017-07-10,52.32,52.95,52.45,52.49,51.713,1874809.0
2017-07-11,51.76,52.6,52.55,51.99,51.2204,2230987.0
2017-07-12,49.98,51.61,50.69,50.35,49.6046,5877690.0
2017-07-13,50.36,51.435,50.36,51.42,50.6588,3264948.0
2017-07-14,51.11,51.95,51.4,51.62,50.8558,2055526.0
2017-07-17,51.64,52.31,51.65,52.0,51.2302,3202504.0
2017-07-18,46.0,49.39,46.74,48.95,48.2254,21027685.0
2017-07-19,47.67,49.19,48.72,48.77,48.048,7339069.0
2017-07-20,48.59,49.69,48.83,48.77,48.048,4489459.0
2017-07-21,48.1101,48.979,48.65,48.26,47.5456,2741978.0
2017-07-24,48.12,48.9,48.2,48.48,47.7623,2906110.0
2017-07-25,47.95,48.88,48.72,48.14,47.4274,2838942.0
2017-07-26,47.97,48.72,48.16,48.64,47.92,3352328.0
2017-07-27,48.05,50.88,48.63,50.26,49.516,5183624.0
2017-07-28,48.51,50.1099,50.09,48.86,48.1367,2339554.0
2017-07-31,48.29,49.07,48.97,48.67,47.9495,1770051.0
2017-08-01,47.58,48.42,48.18,48.34,47.6244,1655234.0
2017-08-02,47.72,48.8,48.8,47.8,47.0924,2685851.0
2017-08-03,47.55,48.2,47.83,47.99,47.2796,2517700.0
2017-08-04,47.58,48.42,48.18,48.34,47.6244,1584452.0
2017-08-07,47.82,48.4899,48.35,48.06,47.3485,1853732.0
2017-08-08,47.61,48.17,47.91,47.81,47.1022,1207991.0
2017-08-09,47.19,48.1,47.65,47.8,47.0924,1636387.0
2017-08-10,47.12,47.67,47.44,47.32,46.6195,3171967.0
2017-08-11,47.08,47.56,47.31,47.54,46.8362,1923557.0
2017-08-14,47.61,48.12,47.82,47.9,47.1909,1404391.0
2017-08-15,47.64,48.0,47.95,47.68,46.9742,818942.0
2017-08-16,47.48,48.18,47.91,47.55,46.8461,1407948.0
2017-08-17,47.05,47.975,47.49,47.1,46.4028,1303260.0
2017-08-18,46.21,47.18,47.0,46.88,46.186,2284415.0
2017-08-21,46.59,47.32,46.88,47.22,46.521,1579928.0
2017-08-22,47.3,48.12,47.5,47.97,47.2599,1531865.0
2017-08-23,46.69,47.79,47.7,46.85,46.1565,2046074.0
2017-08-24,46.97,47.75,46.97,47.2,46.5013,1570969.0
2017-08-25,47.31,48.01,47.36,47.72,47.0136,2382763.0
2017-08-28,46.97,47.94,47.76,47.06,46.3633,1587770.0
2017-08-29,46.6,47.1,46.8,47.07,46.3732,1214346.0
2017-08-30,46.88,47.33,47.06,47.19,46.4914,1150995.0
2017-08-31,46.87,47.51,47.33,47.01,46.3141,1858750.0
2017-09-01,47.21,47.6195,47.25,47.37,46.6688,1222189.0
2017-09-05,45.53,47.12,47.12,45.93,45.2501,3026299.0
2017-09-06,45.57,46.81,46.05,46.65,45.9594,2617535.0
2017-09-07,46.2,47.0,46.72,46.95,46.255,1991719.0
2017-09-08,46.46,47.45,47.0,47.38,46.6786,1131752.0
2017-09-11,47.22,47.65,47.26,47.57,47.2254,1398804.0
2017-09-12,46.82,47.74,47.61,47.52,47.1758,1108716.0
2017-09-13,47.105,48.0,47.35,47.96,47.6126,1325636.0
2017-09-14,47.8,49.09,47.9,48.91,48.5557,2057677.0
2017-09-15,46.98,48.72,48.72,48.01,47.6622,3552591.0
2017-09-18,48.03,48.63,48.06,48.56,48.2082,1213334.0
2017-09-19,48.06,48.75,48.62,48.14,47.7913,1065662.0
2017-09-20,48.06,48.54,48.47,48.35,47.9997,951921.0
2017-09-21,47.95,48.67,48.29,47.96,47.6126,1053212.0
2017-09-22,47.89,48.44,47.97,48.24,47.8905,1028464.0
2017-09-25,48.2192,49.14,48.26,48.95,48.5954,1322925.0
2017-09-26,48.85,49.745,48.96,49.59,49.2308,1127056.0
2017-09-27,49.2575,50.28,49.7,49.3,48.9429,1325876.0
2017-09-28,48.87,49.48,49.07,49.15,48.7939,1237040.0
2017-09-29,48.155,49.04,48.93,48.21,47.8608,1597598.0
2017-10-02,47.86,48.59,48.2,48.55,48.1983,1197931.0
2017-10-03,48.53,48.99,48.75,48.95,48.5954,646894.0
2017-10-04,48.66,49.12,49.0,48.78,48.4266,824872.0
2017-10-05,46.51,48.95,48.81,46.85,46.5106,3826339.0
2017-10-06,45.76,47.01,46.62,46.21,45.8752,2666754.0
2017-10-09,45.6,46.58,46.3,45.78,45.4484,1623248.0
2017-10-10,45.73,46.41,45.74,46.32,45.9844,1631803.0
2017-10-11,45.61,46.5,46.29,46.27,45.9348,1876480.0
2017-10-12,45.94,46.73,46.27,46.46,46.1234,1877716.0
2017-10-13,45.59,46.72,46.42,46.62,46.2823,2703812.0
2017-10-16,46.21,46.92,46.52,46.57,46.2326,3879685.0
2017-10-17,45.25,48.57,45.75,47.52,47.1758,13970406.0
2017-10-18,47.54,48.46,47.8,48.02,47.6721,3861166.0
2017-10-19,47.475,48.25,48.0,48.09,47.7416,1965267.0
2017-10-20,48.5,49.555,48.71,49.5,49.1414,2882549.0
2017-10-23,48.4,49.71,49.65,48.51,48.1586,2176082.0
2017-10-24,48.5738,49.52,48.74,49.47,49.1116,1680790.0
2017-10-25,48.19,49.37,49.14,48.9,48.5458,3145500.0
2017-10-26,48.57,49.1,49.06,48.8,48.4465,1166542.0
2017-10-27,47.72,48.78,48.78,47.84,47.4934,1542229.0
2017-10-30,47.0,47.84,47.53,47.2,46.8581,1870756.0
2017-10-31,46.53,47.39,47.2,47.34,46.9971,2024493.0
2017-11-01,47.51,48.12,47.51,47.8,47.4537,877542.0
2017-11-02,47.17,48.434,47.6,48.32,47.97,1543634.0
2017-11-03,46.9,48.25,48.22,47.04,46.6992,1937333.0
2017-11-06,44.99,47.05,47.0,45.15,44.8229,3215458.0
2017-11-07,44.54,45.38,45.17,44.78,44.4556,1896862.0
2017-11-08,44.52,45.52,44.73,45.51,45.1803,1876750.0
2017-11-09,44.53,45.93,45.12,45.85,45.5179,2280931.0
2017-11-10,45.55,47.41,45.7,47.3,46.9573,4136553.0
2017-11-13,46.61,47.19,47.06,46.88,46.5404,2073671.0
2017-11-14,46.51,47.3,46.75,46.93,46.59,1488994.0
2017-11-15,46.46,47.53,46.81,47.47,47.1261,2149654.0
2017-11-16,47.32,48.83,47.51,48.1,47.7516,2570284.0
2017-11-17,46.49,47.96,47.82,47.25,46.9077,3494363.0
2017-11-20,46.45,47.83,47.19,46.76,46.4213,2672065.0
2017-11-21,46.01,47.03,46.77,46.68,46.3418,2129347.0
2017-11-22,46.68,47.95,46.78,47.68,47.3346,2185901.0
2017-11-24,47.2,47.72,47.7,47.4,47.0566,587004.0
2017-11-27,47.08,47.64,47.4,47.52,47.1758,1087403.0
2017-11-28,47.45,49.27,47.65,49.25,48.8932,2598344.0
2017-11-29,48.92,50.69,49.25,48.98,48.6252,2957554.0
2017-11-30,48.67,50.29,48.95,50.2,49.8363,2425516.0
2017-12-01,48.87,50.25,50.18,50.03,49.6676,2514588.0
2017-12-04,50.25,52.15,50.35,51.81,51.4347,3512712.0
2017-12-05,50.03,52.23,52.14,50.64,50.2732,3320379.0
2017-12-06,49.97,51.08,50.47,50.88,50.5114,2109135.0
2017-12-07,50.45,51.5164,50.69,51.18,50.8092,1719241.0
2017-12-08,50.41,51.31,51.12,51.19,50.8192,1717862.0
2017-12-11,50.73,52.09,51.18,50.79,50.4221,1752396.0
2017-12-12,50.25,51.43,50.78,51.02,50.6504,1753318.0
2017-12-13,50.5,51.35,50.93,51.01,50.6405,1274764.0
2017-12-14,50.0,51.03,51.03,50.02,50.02,1307070.0
2017-12-15,50.36,50.99,50.58,50.46,50.46,2434568.0
2017-12-18,50.84,51.86,51.36,51.65,51.65,1582017.0
2017-12-19,51.03,52.298,52.12,51.19,51.19,1558812.0
2017-12-20,50.68,51.51,51.29,50.71,50.71,1434879.0
2017-12-21,50.87,52.0,51.32,51.81,51.81,1588037.0
2017-12-22,51.27,52.245,51.84,51.84,51.84,1216569.0
2017-12-26,51.23,51.91,51.78,51.77,51.77,1461698.0
2017-12-27,51.08,52.1599,51.78,51.28,51.28,740093.0
2017-12-28,50.88,51.62,51.32,51.57,51.57,1105314.0
2017-12-29,50.87,51.775,51.49,50.88,50.88,1449509.0
2018-01-02,50.68,52.09,51.18,52.06,52.06,1583605.0
2018-01-03,49.77,51.06,50.38,50.1,50.1,6692459.0
2018-01-04,49.33,51.16,50.1,50.97,50.97,3136933.0
2018-01-05,50.27,51.08,51.08,50.97,50.97,2220424.0
2018-01-08,50.72,51.94,50.89,51.54,51.54,1740830.0
2018-01-09,51.52,52.62,51.83,52.27,52.27,2294554.0
2018-01-10,51.66,52.46,51.85,52.15,52.15,1334982.0
2018-01-11,52.05,53.83,52.19,53.63,53.63,3098490.0
2018-01-12,53.55,54.64,53.63,54.41,54.41,1957097.0
2018-01-16,51.55,54.3,53.81,51.98,51.98,4757942.0
2018-01-17,52.15,52.95,52.21,52.51,52.51,1673262.0
2018-01-18,52.0,52.89,52.05,52.34,52.34,1622329.0
2018-01-19,52.05,53.0,52.55,53.0,53.0,1579865.0
2018-01-22,52.99,54.96,54.61,53.81,53.81,2493581.0
2018-01-23,53.35,54.22,54.0,54.07,54.07,1625579.0
2018-01-24,54.06,56.26,54.25,55.95,55.95,5061517.0
