Date,Open,Adj Close,Close,High,Volume,Low
2015-01-02,156.66,154.57,154.57,156.95,988225.0,151.215
2015-01-05,153.5,154.11,154.11,154.675,709965.0,152.4206
2015-01-06,154.58,152.74,152.74,155.31,605748.0,151.15
2015-01-07,154.22,154.05,154.05,155.33,478726.0,153.52
2015-01-08,155.4,155.99,155.99,156.67,839854.0,155.24
2015-01-09,156.5,158.35,158.35,159.95,1145001.0,155.73
2015-01-12,158.7,157.76,157.76,158.97,445541.0,155.805
2015-01-13,159.82,160.11,160.11,164.11,1824493.0,156.06
2015-01-14,163.26,167.05,167.05,167.64,2991764.0,162.09
2015-01-15,167.75,162.66,162.66,170.06,1946361.0,161.48
2015-01-16,162.18,168.45,168.45,168.56,981568.0,161.16
2015-01-20,169.85,168.83,168.83,169.85,1272387.0,166.22
2015-01-21,168.54,167.3,167.3,169.74,629906.0,166.23
2015-01-22,167.81,168.1,168.1,169.73,707637.0,165.77
2015-01-23,168.15,167.09,167.09,168.88,368466.0,166.32
2015-01-26,168.5,167.6,167.6,169.37,653592.0,167.11
2015-01-27,165.6,165.63,165.63,167.26,632756.0,165.01
2015-01-28,167.14,164.76,164.76,167.99,469024.0,164.35
2015-01-29,164.55,169.03,169.03,169.36,615155.0,164.01
2015-01-30,167.51,165.04,165.04,167.84,587387.0,164.78
2015-02-02,166.96,166.71,166.71,167.84,534175.0,163.39
2015-02-03,166.78,169.06,169.06,169.38,585175.0,165.83
2015-02-04,169.04,168.34,168.34,170.96,553593.0,168.0
2015-02-05,168.89,166.48,166.48,169.58,585599.0,165.72
2015-02-06,166.32,165.53,165.53,166.65,593282.0,164.57
2015-02-09,165.4,165.87,165.87,166.655,899094.0,162.41
2015-02-10,167.98,168.25,168.25,170.0,840440.0,165.66
2015-02-11,168.31,168.35,168.35,169.99,551342.0,166.26
2015-02-12,168.7,171.92,171.92,172.17,563726.0,168.7
2015-02-13,172.08,173.0,173.0,173.44,479835.0,170.51
2015-02-17,172.74,171.44,171.44,172.79,937376.0,169.64
2015-02-18,170.67,171.67,171.67,172.11,716576.0,169.6
2015-02-19,171.52,172.67,172.67,174.8,866910.0,171.5
2015-02-20,182.4,184.26,184.26,187.24,1938309.0,179.14
2015-02-23,184.26,183.24,183.24,185.5299,1426508.0,182.14
2015-02-24,183.24,183.51,183.51,184.33,734816.0,181.49
2015-02-25,183.54,185.89,185.89,186.56,657429.0,183.48
2015-02-26,186.22,186.15,186.15,187.25,760789.0,184.13
2015-02-27,186.8,184.35,184.35,187.45,1091241.0,184.24
2015-03-02,185.16,186.17,186.17,188.26,729729.0,184.94
2015-03-03,185.99,185.59,185.59,186.47,566756.0,184.35
2015-03-04,184.53,185.03,185.03,185.59,796263.0,181.5
2015-03-05,185.75,185.18,185.18,186.6,501018.0,184.5
2015-03-06,184.46,180.25,180.25,186.42,735859.0,179.91
2015-03-09,181.01,183.64,183.64,183.97,701372.0,180.352
2015-03-10,181.74,180.55,180.55,182.3,373051.0,180.03
2015-03-11,180.55,178.57,178.57,181.17,614043.0,178.2
2015-03-12,178.55,180.16,180.16,181.77,776653.0,178.55
2015-03-13,179.4,178.6,178.6,180.73,515491.0,176.75
2015-03-16,179.8,180.15,180.15,180.96,571472.0,178.24
2015-03-17,179.69,178.0,178.0,179.78,434267.0,177.26
2015-03-18,177.13,180.73,180.73,181.65,1179958.0,175.68
2015-03-19,180.31,179.87,179.87,181.7449,822677.0,177.83
2015-03-20,180.61,181.03,181.03,182.94,799034.0,180.57
2015-03-23,181.19,181.09,181.09,183.21,375910.0,180.85
2015-03-24,180.79,181.48,181.48,184.68,631290.0,180.43
2015-03-25,181.4,180.95,180.95,183.02,720647.0,180.49
2015-03-26,180.13,180.09,180.09,181.12,872101.0,178.44
2015-03-27,179.43,181.22,181.22,181.61,410059.0,179.37
2015-03-30,182.84,184.72,184.72,185.03,410048.0,182.84
2015-03-31,183.88,185.75,185.75,188.29,649353.0,183.83
2015-04-01,185.95,184.66,184.66,186.16,491176.0,183.2803
2015-04-02,184.29,185.28,185.28,187.29,368948.0,183.47
2015-04-06,183.89,183.41,183.41,185.74,472481.0,183.29
2015-04-07,183.28,181.1,181.1,184.25,348401.0,181.02
2015-04-08,181.01,183.41,183.41,183.41,430147.0,180.61
2015-04-09,183.32,184.25,184.25,184.81,320376.0,181.7
2015-04-10,184.24,183.86,183.86,184.46,365355.0,181.66
2015-04-13,183.34,182.41,182.41,184.54,339459.0,182.18
2015-04-14,182.47,183.36,183.36,183.67,487836.0,180.01
2015-04-15,183.7,181.49,181.49,184.57,309625.0,181.22
2015-04-16,180.26,176.39,176.39,180.85,1523582.0,175.52
2015-04-17,174.87,177.1,177.1,177.85,537390.0,174.39
2015-04-20,178.06,176.88,176.88,178.06,714608.0,175.87
2015-04-21,178.01,179.63,179.63,180.62,407187.0,177.535
2015-04-22,180.1,182.02,182.02,182.35,613586.0,178.06
2015-04-23,180.0,178.54,178.54,181.36,956894.0,177.09
2015-04-24,178.84,179.26,179.26,179.46,460906.0,178.0
2015-04-27,180.09,178.01,178.01,180.757,558986.0,177.002
2015-04-28,177.91,177.7,177.7,179.25,461384.0,175.78
2015-04-29,177.33,174.75,174.75,178.11,753950.0,174.7
2015-04-30,175.01,173.5,173.5,176.57,765815.0,172.971
2015-05-01,174.58,177.69,177.69,178.05,843763.0,174.32
2015-05-04,178.87,178.97,178.97,179.98,602796.0,177.59
2015-05-05,178.56,176.55,176.55,179.16,465928.0,175.97
2015-05-06,176.59,175.47,175.47,176.72,537604.0,174.17
2015-05-07,175.5,179.19,179.19,180.05,805542.0,174.89
2015-05-08,184.18,184.25,184.25,188.0,1339865.0,182.0
2015-05-11,184.49,182.57,182.57,185.49,872968.0,182.48
2015-05-12,181.03,180.83,180.83,181.98,483349.0,179.93
2015-05-13,181.2,181.35,181.35,181.89,385573.0,179.87
2015-05-14,182.8,183.12,183.12,183.67,554667.0,180.47
2015-05-15,183.06,183.05,183.05,184.0,450638.0,181.92
2015-05-18,182.98,185.79,185.79,186.16,618618.0,182.32
2015-05-19,186.74,188.89,188.89,189.5,756172.0,185.6025
2015-05-20,189.2,188.45,188.45,189.52,433574.0,187.4
2015-05-21,187.89,188.62,188.62,189.63,451048.0,187.39
2015-05-22,188.31,187.18,187.18,189.09,290301.0,187.0
2015-05-26,187.22,186.56,186.56,187.6,338914.0,185.88
2015-05-27,186.72,189.5,189.5,189.928,490757.0,184.47
2015-05-28,188.79,188.83,188.83,190.16,347547.0,188.39
2015-05-29,189.05,186.64,186.64,189.16,363667.0,186.49
2015-06-01,186.89,188.8,188.8,189.67,362574.0,186.36
2015-06-02,188.5,189.45,189.45,189.8,379423.0,187.72
2015-06-03,189.49,189.47,189.47,189.82,427887.0,188.04
2015-06-04,188.67,188.57,188.57,189.87,359536.0,188.28
2015-06-05,187.98,188.6,188.6,188.8,420825.0,187.19
2015-06-08,188.06,186.87,186.87,188.94,304082.0,186.84
2015-06-09,186.84,186.95,186.95,187.925,311717.0,186.1025
2015-06-10,188.07,192.44,192.44,192.66,611383.0,187.21
2015-06-11,191.89,189.99,189.99,194.14,495980.0,189.98
2015-06-12,189.11,190.62,190.62,191.13,234392.0,188.6005
2015-06-15,189.12,189.05,189.05,190.52,374128.0,188.32
2015-06-16,189.18,191.08,191.08,191.34,295228.0,188.57
2015-06-17,191.43,192.39,192.39,193.59,237014.0,190.13
2015-06-18,192.88,191.65,191.65,194.14,536399.0,191.48
2015-06-19,191.12,192.78,192.78,193.72,600917.0,190.97
2015-06-22,193.77,194.34,194.34,195.3,405724.0,193.49
2015-06-23,194.38,193.29,193.29,194.96,307799.0,192.71
2015-06-24,193.57,191.87,191.87,194.74,310219.0,191.855
2015-06-25,193.07,191.9,191.9,193.07,553048.0,191.16
2015-06-26,192.26,193.17,193.17,193.27,1176264.0,191.49
2015-06-29,192.3,188.74,188.74,192.99,510927.0,188.51
2015-06-30,189.97,190.9,190.9,192.49,473358.0,189.43
2015-07-01,192.8,194.1,194.1,194.46,468185.0,192.04
2015-07-02,194.65,193.55,193.55,195.53,381931.0,191.72
2015-07-06,192.48,191.53,191.53,193.52,589460.0,190.88
2015-07-07,191.34,194.23,194.23,194.7,695579.0,189.79
2015-07-08,192.86,189.62,189.62,194.09,540297.0,189.0
2015-07-09,192.41,189.41,189.41,193.82,490511.0,189.32
2015-07-10,192.82,194.01,194.01,194.64,542550.0,190.05
2015-07-13,196.05,195.45,195.45,196.25,401889.0,194.11
2015-07-14,195.18,196.05,196.05,196.835,278634.0,194.14
2015-07-15,195.8,194.76,194.76,197.195,362782.0,193.77
2015-07-16,195.59,195.21,195.21,195.87,288501.0,193.51
2015-07-17,195.27,193.57,193.57,196.45,294984.0,191.86
2015-07-20,194.01,196.82,196.82,197.5,483243.0,193.83
2015-07-21,196.75,195.15,195.15,196.75,504941.0,193.57
2015-07-22,195.07,197.82,197.82,200.52,763556.0,194.9301
2015-07-23,198.56,197.99,197.99,202.22,711075.0,197.88
2015-07-24,198.89,196.0,196.0,199.13,621455.0,194.02
2015-07-27,194.82,191.55,191.55,195.0599,665804.0,190.09
2015-07-28,193.1,196.1,196.1,196.58,426932.0,192.515
2015-07-29,196.97,199.58,199.58,200.01,341769.0,196.21
2015-07-30,198.67,200.66,200.66,201.2,367035.0,197.99
2015-07-31,201.46,201.59,201.59,202.37,368739.0,199.46
2015-08-03,204.0,200.83,200.83,204.39,782065.0,199.5
2015-08-04,201.13,202.79,202.79,202.88,467080.0,200.02
2015-08-05,204.34,202.76,202.76,204.34,675785.0,200.8
2015-08-06,202.14,197.64,197.64,203.59,1014907.0,195.598
2015-08-07,205.25,203.85,203.85,207.39,2045082.0,202.92
2015-08-10,204.9,205.42,205.42,207.75,1052605.0,204.6
2015-08-11,203.89,204.92,204.92,206.01,805898.0,203.31
2015-08-12,203.37,205.3,205.3,206.05,1015838.0,200.55
2015-08-13,205.29,205.89,205.89,207.39,705492.0,204.91
2015-08-14,205.7,207.38,207.38,207.79,675860.0,205.2
2015-08-17,206.78,208.43,208.43,209.01,444478.0,206.0
2015-08-18,209.28,211.33,211.33,211.98,817506.0,208.25
2015-08-19,209.86,210.84,210.84,212.16,706826.0,208.275
2015-08-20,209.36,204.41,204.41,211.01,517048.0,204.27
2015-08-21,202.34,200.18,200.18,205.01,643734.0,199.8
2015-08-24,191.89,190.33,190.33,198.3,1085654.0,183.52
2015-08-25,195.79,189.18,189.18,196.34,1097911.0,189.18
2015-08-26,193.7,192.81,192.81,194.99,1174693.0,188.01
2015-08-27,194.99,194.37,194.37,196.21,746517.0,191.2201
2015-08-28,194.01,197.59,197.59,198.4,797749.0,193.37
2015-08-31,197.13,196.97,196.97,200.41,568746.0,196.37
2015-09-01,193.5,192.86,192.86,195.11,635410.0,192.07
2015-09-02,195.04,197.87,197.87,197.87,478400.0,194.0516
2015-09-03,198.68,200.38,200.38,201.55,667441.0,198.3
2015-09-04,197.87,197.5,197.5,200.39,508731.0,196.66
2015-09-08,201.42,204.19,204.19,204.355,765679.0,201.07
2015-09-09,206.58,201.49,201.49,206.8,679925.0,201.13
2015-09-10,200.68,202.21,202.21,203.58,514679.0,200.65
2015-09-11,201.92,206.71,206.71,207.68,649345.0,201.92
2015-09-14,206.97,205.37,205.37,207.12,551894.0,204.53
2015-09-15,206.84,206.61,206.61,208.02,509910.0,205.16
2015-09-16,206.33,205.75,205.75,206.73,502732.0,204.75
2015-09-17,205.78,206.97,206.97,209.98,674781.0,205.085
2015-09-18,204.55,202.19,202.19,205.51,756683.0,201.53
2015-09-21,203.15,201.1,201.1,205.28,689347.0,200.51
2015-09-22,199.55,198.39,198.39,199.83,538466.0,196.39
2015-09-23,198.84,196.98,196.98,199.81,408417.0,195.65
2015-09-24,195.09,192.82,192.82,196.01,1090486.0,191.58
2015-09-25,194.89,191.49,191.49,195.67,1091767.0,190.74
2015-09-28,190.35,179.52,179.52,190.44,1612635.0,178.89
2015-09-29,179.9,176.19,176.19,181.39,1877331.0,174.49
2015-09-30,178.04,181.79,181.79,182.32,1350095.0,177.98
2015-10-01,182.96,186.13,186.13,186.72,1585009.0,180.88
2015-10-02,184.77,188.97,188.97,189.07,979225.0,182.57
2015-10-05,189.96,195.12,195.12,195.51,1127453.0,189.96
2015-10-06,196.61,191.02,191.02,197.88,1217164.0,189.36
2015-10-07,192.14,194.82,194.82,195.23,1102079.0,189.58
2015-10-08,194.1,197.52,197.52,197.77,1173056.0,193.906
2015-10-09,197.43,196.32,196.32,198.246,439961.0,195.36
2015-10-12,196.88,197.8,197.8,198.63,433454.0,196.105
2015-10-13,196.51,193.75,193.75,197.47,502249.0,193.61
2015-10-14,193.69,190.11,190.11,194.61,625426.0,189.815
2015-10-15,190.58,191.49,191.49,192.05,784083.0,187.35
2015-10-16,192.23,196.11,196.11,196.64,1120516.0,191.82
2015-10-19,195.95,198.0,198.0,198.7,579897.0,195.95
2015-10-20,197.79,195.92,195.92,199.73,538430.0,195.55
2015-10-21,197.59,195.01,195.01,198.29,631857.0,193.67
2015-10-22,195.42,196.26,196.26,198.54,823034.0,194.01
2015-10-23,197.62,195.48,195.48,198.11,679265.0,193.1
2015-10-26,195.57,196.84,196.84,197.62,473268.0,193.15
2015-10-27,195.63,195.23,195.23,197.63,551359.0,192.38
2015-10-28,195.85,196.4,196.4,197.36,556380.0,194.25
2015-10-29,196.09,192.39,192.39,196.295,1240119.0,188.03
2015-10-30,193.19,195.5,195.5,197.3,975989.0,192.39
2015-11-02,196.22,198.32,198.32,198.71,649877.0,194.43
2015-11-03,199.64,198.19,198.19,199.64,590358.0,196.42
2015-11-04,198.91,198.17,198.17,200.59,574938.0,196.89
2015-11-05,198.0,197.46,197.46,199.18,1189204.0,194.74
2015-11-06,194.205,187.14,187.14,201.878,3088173.0,182.98
2015-11-09,186.03,186.39,186.39,188.73,1103140.0,184.3
2015-11-10,185.97,188.21,188.21,188.93,714682.0,185.49
2015-11-11,189.06,187.69,187.69,189.57,638242.0,186.57
2015-11-12,186.46,184.56,184.56,186.46,717632.0,184.21
2015-11-13,184.21,180.75,180.75,184.93,660147.0,180.44
2015-11-16,180.22,182.68,182.68,182.8,696900.0,180.0
2015-11-17,183.7,182.47,182.47,186.15,708978.0,181.91
2015-11-18,182.78,188.98,188.98,189.2,679208.0,182.45
2015-11-19,189.31,191.38,191.38,191.66,768711.0,188.86
2015-11-20,191.59,192.29,192.29,193.27,676786.0,190.9
2015-11-23,192.0,194.31,194.31,195.33,666409.0,192.0
2015-11-24,193.83,192.56,192.56,195.36,683579.0,191.74
2015-11-25,192.46,193.16,193.16,193.749,243379.0,191.64
2015-11-27,193.2,192.71,192.71,193.55,148351.0,192.0
2015-11-30,192.8,190.72,190.72,193.56,567912.0,190.18
2015-12-01,192.02,191.02,191.02,192.55,610404.0,189.28
2015-12-02,191.26,190.06,190.06,192.265,431735.0,189.07
2015-12-03,190.4,184.14,184.14,190.4,713156.0,183.14
2015-12-04,184.97,189.48,189.48,189.69,579317.0,184.14
2015-12-07,189.48,190.83,190.83,191.79,557020.0,188.2
2015-12-08,189.62,192.4,192.4,193.94,918831.0,189.4
2015-12-09,190.75,190.23,190.23,195.66,641196.0,189.6
2015-12-10,190.91,190.7,190.7,192.48,467206.0,188.75
2015-12-11,188.32,190.39,190.39,191.99,651178.0,188.32
2015-12-14,191.06,191.76,191.76,192.84,652787.0,187.29
2015-12-15,192.81,193.69,193.69,195.34,676986.0,191.78
2015-12-16,194.76,199.85,199.85,200.42,681228.0,194.05
2015-12-17,200.35,193.34,193.34,200.36,685182.0,193.22
2015-12-18,193.0,188.02,188.02,193.0,1257922.0,187.53
2015-12-21,188.61,189.45,189.45,191.08,472679.0,187.5763
2015-12-22,190.16,189.76,189.76,190.57,371451.0,187.79
2015-12-23,190.77,192.53,192.53,192.77,483962.0,189.61
2015-12-24,192.13,190.71,190.71,192.95,227909.0,190.52
2015-12-28,189.61,190.44,190.44,190.91,343197.0,187.4
2015-12-29,191.46,192.51,192.51,192.99,346216.0,190.7
2015-12-30,192.01,189.89,189.89,193.925,380989.0,189.7775
2015-12-31,189.29,189.39,189.39,191.1,404941.0,188.78
2016-01-04,189.0,186.45,186.45,189.0,799701.0,183.4
2016-01-05,187.37,186.05,186.05,188.32,602349.0,185.4
2016-01-06,183.08,182.12,182.12,185.24,580267.0,180.49
2016-01-07,178.44,176.75,176.75,181.1799,709947.0,175.82
2016-01-08,177.78,176.82,176.82,179.09,954404.0,176.38
2016-01-11,177.59,175.68,175.68,179.23,861148.0,173.43
2016-01-12,177.54,178.97,178.97,180.34,585266.0,174.76
2016-01-13,179.42,169.5,169.5,182.0,670757.0,169.1
2016-01-14,169.66,170.57,170.57,172.36,780957.0,167.01
2016-01-15,166.5,165.44,165.44,168.17,764246.0,163.162
2016-01-19,166.73,163.34,163.34,168.35,842845.0,161.4
2016-01-20,160.25,162.56,162.56,164.78,1406487.0,153.15
2016-01-21,163.09,165.25,165.25,166.93,977434.0,162.2
2016-01-22,168.0,166.99,166.99,170.33,642320.0,165.29
2016-01-25,166.06,164.43,164.43,167.07,538994.0,164.2
2016-01-26,165.275,166.37,166.37,167.79,492314.0,164.19
2016-01-27,165.99,164.69,164.69,167.67,505839.0,163.57
2016-01-28,166.12,163.38,163.38,167.71,580533.0,162.7
2016-01-29,164.26,166.41,166.41,166.53,926524.0,163.65
2016-02-01,166.01,167.62,167.62,168.4,670859.0,163.73
2016-02-02,166.69,163.16,163.16,166.95,594549.0,162.595
2016-02-03,165.0,161.49,161.49,165.375,905915.0,157.66
2016-02-04,161.27,165.03,165.03,165.73,666227.0,160.66
2016-02-05,164.94,159.92,159.92,164.96,651920.0,159.445
2016-02-08,157.73,151.78,151.78,158.2,1047828.0,149.43
2016-02-09,149.72,153.7,153.7,155.79,1140840.0,148.56
2016-02-10,155.48,157.86,157.86,159.48,827542.0,154.35
2016-02-11,155.51,152.82,152.82,156.665,718297.0,151.3
2016-02-12,155.4,155.21,155.21,155.63,689369.0,152.85
2016-02-16,157.55,159.52,159.52,159.89,964722.0,154.89
2016-02-17,160.41,163.07,163.07,164.2,764626.0,159.95
2016-02-18,163.08,163.07,163.07,164.29,614799.0,160.99
2016-02-19,162.59,165.68,165.68,166.56,698762.0,161.31
2016-02-22,166.25,166.47,166.47,167.84,695903.0,164.92
2016-02-23,165.79,166.58,166.58,167.42,638472.0,165.13
2016-02-24,164.3,170.67,170.67,171.24,978502.0,163.26
2016-02-25,170.43,171.04,171.04,173.37,1189267.0,166.97
2016-02-26,175.04,178.49,178.49,179.6,1666846.0,175.04
2016-02-29,178.74,179.73,179.73,182.96,1204549.0,178.5
2016-03-01,182.06,184.86,184.86,185.5185,805013.0,180.6
2016-03-02,184.53,186.05,186.05,186.21,699574.0,183.35
2016-03-03,185.19,186.89,186.89,187.48,824095.0,184.87
2016-03-04,186.5,186.82,186.82,189.755,677930.0,185.42
2016-03-07,185.46,180.95,180.95,186.53,980035.0,180.6
2016-03-08,180.31,179.39,179.39,180.66,707517.0,176.59
2016-03-09,180.7,180.0,180.0,181.33,579469.0,177.79
2016-03-10,180.92,180.29,180.29,182.63,519283.0,178.06
2016-03-11,181.68,185.24,185.24,185.71,667761.0,180.71
2016-03-14,184.32,185.3,185.3,186.11,510697.0,183.76
2016-03-15,181.7,182.86,182.86,185.38,593262.0,181.54
2016-03-16,182.49,183.36,183.36,184.135,415715.0,180.44
2016-03-17,183.4,186.5,186.5,186.59,620919.0,182.72
2016-03-18,187.02,188.48,188.48,190.29,781313.0,186.97
2016-03-21,188.6,188.5,188.5,190.08,473070.0,187.67
2016-03-22,188.37,188.03,188.03,189.39,460197.0,186.22
2016-03-23,187.77,186.31,186.31,187.77,494137.0,185.84
2016-03-24,185.07,186.82,186.82,187.05,370277.0,184.43
2016-03-28,186.9,188.85,188.85,189.98,539113.0,185.59
2016-03-29,188.89,192.43,192.43,192.8,1017302.0,187.6621
2016-03-30,193.31,191.12,191.12,193.59,465690.0,190.33
2016-03-31,190.9,190.9,190.9,192.075,498284.0,189.34
2016-04-01,190.2,192.41,192.41,192.62,456944.0,189.53
2016-04-04,192.62,189.9,189.9,192.62,352146.0,189.64
2016-04-05,188.0,189.22,189.22,189.65,373836.0,186.16
2016-04-06,189.41,192.52,192.52,193.18,439908.0,188.41
2016-04-07,192.17,191.78,191.78,193.75,558747.0,190.35
2016-04-08,193.71,193.92,193.92,195.9,505410.0,192.86
2016-04-11,194.58,194.37,194.37,197.41,558531.0,194.37
2016-04-12,194.29,195.27,195.27,196.72,337131.0,193.84
2016-04-13,196.82,198.19,198.19,198.84,368449.0,196.08
2016-04-14,198.47,196.69,196.69,198.82,464363.0,196.37
2016-04-15,196.99,197.04,197.04,197.76,399529.0,195.42
2016-04-18,196.68,198.02,198.02,198.8,279344.0,195.87
2016-04-19,199.35,197.89,197.89,199.435,403326.0,195.58
2016-04-20,198.04,199.72,199.72,200.77,411808.0,196.77
2016-04-21,199.36,196.8,196.8,200.41,335173.0,196.67
2016-04-22,196.8,196.22,196.22,198.5,557864.0,195.18
2016-04-25,197.0,197.56,197.56,198.32,631064.0,195.83
2016-04-26,198.63,197.89,197.89,198.8423,449407.0,195.79
2016-04-27,197.99,197.28,197.28,198.52,503990.0,195.64
2016-04-28,195.59,192.83,192.83,196.98,478737.0,192.38
2016-04-29,192.74,192.63,192.63,193.32,552581.0,190.16
2016-05-02,194.11,196.05,196.05,196.68,674020.0,193.12
2016-05-03,194.5,193.18,193.18,195.2,882557.0,192.64
2016-05-04,191.84,192.72,192.72,193.5,693502.0,190.93
2016-05-05,192.4,193.53,193.53,196.07,978730.0,192.21
2016-05-06,194.1,195.58,195.58,199.53,1188352.0,192.32
2016-05-09,196.12,195.96,195.96,198.045,540977.0,195.51
2016-05-10,196.39,200.55,200.55,200.57,608048.0,196.39
2016-05-11,199.9,196.63,196.63,200.63,504094.0,196.34
2016-05-12,197.74,195.98,195.98,197.74,478966.0,194.14
2016-05-13,195.58,194.42,194.42,197.53,320104.0,193.85
2016-05-16,194.96,194.53,194.53,195.69,456972.0,193.65
2016-05-17,194.26,193.49,193.49,195.65,653616.0,191.84
2016-05-18,192.89,192.39,192.39,195.02,494315.0,191.54
2016-05-19,191.51,191.17,191.17,193.2926,361224.0,189.55
2016-05-20,192.54,193.08,193.08,194.93,395449.0,192.2
2016-05-23,193.11,192.44,192.44,193.43,296784.0,192.07
2016-05-24,193.53,196.83,196.83,197.52,555192.0,193.055
2016-05-25,197.12,196.4,196.4,198.11,416762.0,196.215
2016-05-26,196.64,196.0,196.0,197.0,286326.0,195.51
2016-05-27,196.1,197.64,197.64,198.09,316358.0,196.09
2016-05-31,197.69,196.69,196.69,198.1892,496711.0,195.55
2016-06-01,195.37,198.15,198.15,198.25,470484.0,195.28
2016-06-02,197.96,199.11,199.11,199.11,310174.0,196.85
2016-06-03,198.57,198.5,198.5,199.11,358039.0,196.48
2016-06-06,199.52,197.21,197.21,199.52,345879.0,196.19
2016-06-07,197.76,200.56,200.56,201.41,582269.0,197.27
2016-06-08,200.61,201.03,201.03,201.78,400717.0,200.05
2016-06-09,200.0,199.47,199.47,200.694,314758.0,198.56
2016-06-10,198.09,195.28,195.28,199.29,325657.0,194.86
2016-06-13,194.03,192.59,192.59,195.46,390520.0,192.55
2016-06-14,191.65,191.59,191.59,193.01,497022.0,189.66
2016-06-15,192.51,192.77,192.77,194.58,357790.0,191.75
2016-06-16,191.53,192.81,192.81,193.16,280702.0,190.36
2016-06-17,192.74,192.44,192.44,193.67,490611.0,191.19
2016-06-20,195.01,195.66,195.66,198.375,367466.0,192.76
2016-06-21,196.69,196.23,196.23,197.18,251519.0,195.18
2016-06-22,196.07,195.3,195.3,197.52,318583.0,195.12
2016-06-23,197.52,197.85,197.85,197.95,286884.0,195.87
2016-06-24,190.01,185.48,185.48,190.8,1166346.0,184.525
2016-06-27,183.11,177.96,177.96,184.29,784890.0,177.34
2016-06-28,181.51,184.42,184.42,184.42,481992.0,180.71
2016-06-29,186.4,188.23,188.23,189.12,525672.0,184.92
2016-06-30,188.95,189.76,189.76,190.36,554867.0,186.515
2016-07-01,189.79,189.37,189.37,192.0,497954.0,187.39
2016-07-05,187.62,186.19,186.19,188.42,495010.0,184.49
2016-07-06,185.48,188.43,188.43,188.56,462391.0,183.895
2016-07-07,188.79,189.2,189.2,190.04,376019.0,187.05
2016-07-08,191.23,194.2,194.2,195.78,420611.0,191.23
2016-07-11,194.98,195.86,195.86,196.4,353786.0,194.59
2016-07-12,197.77,195.82,195.82,197.77,386576.0,195.77
2016-07-13,197.13,196.66,196.66,197.13,358819.0,195.11
2016-07-14,198.44,197.43,197.43,198.48,257855.0,196.58
2016-07-15,198.18,199.96,199.96,200.44,526139.0,197.05
2016-07-18,200.63,199.76,199.76,200.825,377898.0,199.14
2016-07-19,199.62,198.82,198.82,200.46,333536.0,197.88
2016-07-20,199.75,201.17,201.17,202.28,438236.0,198.11
2016-07-21,201.01,198.88,198.88,201.47,549461.0,198.13
2016-07-22,199.5,203.07,203.07,203.18,560372.0,198.53
2016-07-25,203.45,204.8,204.8,204.905,532150.0,201.55
2016-07-26,204.77,205.06,205.06,205.21,299630.0,202.72
2016-07-27,206.07,204.87,204.87,208.47,479019.0,203.69
2016-07-28,204.9,207.0,207.0,207.27,611600.0,204.9
2016-07-29,206.74,208.94,208.94,209.42,689338.0,205.96
2016-08-01,209.11,209.91,209.91,210.6,715023.0,206.82
2016-08-02,209.94,208.29,208.29,211.5,576012.0,206.73
2016-08-03,207.76,208.58,208.58,208.58,620910.0,206.42
2016-08-04,208.58,207.7,207.7,208.59,848726.0,206.16
2016-08-05,211.11,214.02,214.02,214.05,1202165.0,210.375
2016-08-08,214.02,213.03,213.03,214.93,549906.0,212.79
2016-08-09,213.39,212.39,212.39,214.809,491109.0,211.7
2016-08-10,212.52,211.84,211.84,213.03,326978.0,210.51
2016-08-11,212.3,211.83,211.83,213.15,468281.0,211.36
2016-08-12,211.79,211.96,211.96,212.37,329588.0,210.36
2016-08-15,212.0,212.77,212.77,213.57,334531.0,211.98
2016-08-16,212.41,210.46,210.46,213.2999,365175.0,210.3
2016-08-17,209.88,209.18,209.18,209.94,420202.0,207.07
2016-08-18,209.26,209.79,209.79,210.93,388314.0,207.57
2016-08-19,208.85,210.19,210.19,210.99,323985.0,208.47
2016-08-22,210.19,210.33,210.33,210.75,250641.0,208.75
2016-08-23,211.73,213.08,213.08,213.9697,397054.0,211.385
2016-08-24,212.53,210.39,210.39,212.53,396751.0,209.68
2016-08-25,209.96,211.13,211.13,211.915,340790.0,209.805
2016-08-26,211.53,209.69,209.69,212.7,422073.0,208.59
2016-08-29,210.25,211.23,211.23,211.96,244189.0,210.17
2016-08-30,211.57,211.69,211.69,212.2,311393.0,210.89
2016-08-31,211.2,212.78,212.78,213.25,440585.0,210.66
2016-09-01,212.86,212.75,212.75,213.55,409582.0,210.71
2016-09-02,213.99,213.97,213.97,214.56,300657.0,212.99
2016-09-06,214.46,214.95,214.95,214.98,381520.0,212.4
2016-09-07,214.79,216.22,216.22,216.58,679697.0,213.57
2016-09-08,215.81,211.38,211.38,216.02,648711.0,211.38
2016-09-09,209.26,203.53,203.53,210.3,540783.0,203.53
2016-09-12,201.87,206.35,206.35,206.9,387678.0,201.31
2016-09-13,204.75,203.65,203.65,205.65,599640.0,201.88
2016-09-14,203.61,203.87,203.87,205.1642,348913.0,202.84
2016-09-15,203.97,206.54,206.54,207.04,331171.0,203.37
2016-09-16,205.57,205.42,205.42,205.7,515590.0,203.85
2016-09-19,206.48,206.37,206.37,208.2,472991.0,205.71
2016-09-20,207.98,206.1,206.1,207.98,287432.0,205.48
2016-09-21,206.73,206.42,206.42,206.83,500400.0,202.96
2016-09-22,208.23,206.68,206.68,208.26,418810.0,206.02
2016-09-23,203.69,205.75,205.75,206.53,641206.0,203.43
2016-09-26,204.58,202.54,202.54,205.04,517093.0,202.42
2016-09-27,202.61,202.87,202.87,203.46,799785.0,201.93
2016-09-28,202.94,201.52,201.52,202.94,692232.0,199.705
2016-09-29,201.18,198.86,198.86,201.685,1111331.0,197.7
2016-09-30,200.03,200.34,200.34,201.12,869101.0,198.22
2016-10-03,199.47,198.91,198.91,200.8,408534.0,198.2
2016-10-04,196.59,198.59,198.59,201.02,472392.0,196.59
2016-10-05,199.18,199.83,199.83,200.81,388973.0,198.29
2016-10-06,199.69,200.86,200.86,201.75,448067.0,198.92
2016-10-07,201.11,197.77,197.77,201.11,426052.0,196.67
2016-10-10,198.52,197.9,197.9,199.8,232974.0,197.5
2016-10-11,197.06,191.99,191.99,197.71,622949.0,191.89
2016-10-12,194.27,195.2,195.2,196.37,706401.0,193.5001
2016-10-13,193.79,194.9,194.9,196.02,572238.0,193.36
2016-10-14,196.65,196.46,196.46,198.1,514665.0,196.15
2016-10-17,196.01,195.63,195.63,196.89,314295.0,194.71
2016-10-18,197.87,195.57,195.57,197.87,279225.0,195.18
2016-10-19,196.39,195.4,195.4,196.72,370793.0,194.04
2016-10-20,195.1,196.57,196.57,197.05,407073.0,194.06
2016-10-21,194.95,196.87,196.87,197.59,394176.0,194.09
2016-10-24,198.38,198.3,198.3,200.53,393343.0,197.74
2016-10-25,197.14,185.9,185.9,197.65,1286378.0,185.705
2016-10-26,185.39,186.79,186.79,188.5,522381.0,185.39
2016-10-27,186.99,185.69,185.69,187.78,824014.0,182.68
2016-10-28,185.58,184.7,184.7,188.305,629797.0,184.43
2016-10-31,185.44,184.3,184.3,186.11,626260.0,184.11
2016-11-01,183.43,178.98,178.98,184.38,1659876.0,177.81
2016-11-02,178.21,178.59,178.59,182.49,1221924.0,178.0
2016-11-03,179.6,176.98,176.98,179.86,1177114.0,175.52
2016-11-04,186.1,190.75,190.75,193.01,2427598.0,184.14
2016-11-07,192.95,194.73,194.73,196.28,1249203.0,191.26
2016-11-08,193.82,195.19,195.19,196.08,532664.0,192.37
2016-11-09,191.67,197.77,197.77,198.58,929959.0,191.031
2016-11-10,199.11,202.38,202.38,205.2599,1298905.0,198.21
2016-11-11,202.29,199.61,199.61,204.305,1108163.0,199.0
2016-11-14,201.04,197.25,197.25,202.43,972688.0,196.88
2016-11-15,199.55,197.16,197.16,201.23,1392256.0,195.99
2016-11-16,196.64,197.56,197.56,198.15,810234.0,195.59
2016-11-17,198.62,200.27,200.27,200.51,772816.0,197.49
2016-11-18,200.39,199.97,199.97,200.395,875198.0,198.98
2016-11-21,200.66,199.75,199.75,201.69,484820.0,198.712
2016-11-22,200.58,200.19,200.19,200.75,502641.0,198.58
2016-11-23,199.95,200.7,200.7,201.58,331372.0,198.575
2016-11-25,201.01,201.0,201.0,201.75,127695.0,199.61
2016-11-28,200.36,199.37,199.37,200.99,411358.0,198.31
2016-11-29,199.94,200.1,200.1,201.6,354715.0,199.17
2016-11-30,199.91,197.44,197.44,201.48,497809.0,197.44
2016-12-01,197.51,191.48,191.48,199.155,843664.0,190.97
2016-12-02,191.88,190.0,190.0,192.96,763363.0,189.44
2016-12-05,192.03,194.96,194.96,195.27,826967.0,190.92
2016-12-06,195.75,195.0,195.0,196.59,448576.0,193.59
2016-12-07,195.01,199.97,199.97,200.17,556221.0,194.41
2016-12-08,199.57,201.27,201.27,202.6,536268.0,199.17
2016-12-09,201.51,199.86,199.86,201.51,421527.0,198.9
2016-12-12,199.29,198.64,198.64,199.535,436284.0,196.59
2016-12-13,201.98,201.26,201.26,202.893,573261.0,200.65
2016-12-14,201.22,199.64,199.64,202.945,529894.0,198.96
2016-12-15,199.88,197.74,197.74,202.405,614402.0,197.46
2016-12-16,198.24,197.0,197.0,199.47,760123.0,196.5
2016-12-19,198.01,199.61,199.61,200.96,478330.0,197.05
2016-12-20,200.06,201.16,201.16,202.1,469547.0,199.47
2016-12-21,201.61,204.87,204.87,205.91,577204.0,201.61
2016-12-22,205.13,202.99,202.99,205.9,353465.0,202.4
2016-12-23,203.6,203.71,203.71,204.11,247986.0,202.78
2016-12-27,204.5,203.73,203.73,205.13,283206.0,203.115
2016-12-28,204.77,201.77,201.77,204.77,224989.0,201.61
2016-12-29,201.71,202.14,202.14,202.52,210523.0,201.18
2016-12-30,203.16,199.68,199.68,203.16,440418.0,198.45
2017-01-03,201.68,201.75,201.75,204.15,492807.0,200.08
2017-01-04,202.0,205.88,205.88,206.41,544649.0,202.0
2017-01-05,205.45,204.35,204.35,206.18,540523.0,203.09
2017-01-06,204.55,204.44,204.44,206.37,590923.0,203.315
2017-01-09,205.28,203.73,203.73,205.77,458323.0,203.52
2017-01-10,203.14,203.18,203.18,205.52,520080.0,203.0
2017-01-11,203.82,202.2,202.2,204.16,494400.0,200.84
2017-01-12,200.96,201.74,201.74,202.04,468566.0,199.9
2017-01-13,201.62,202.41,202.41,203.13,387872.0,201.11
2017-01-17,201.73,201.81,201.81,202.67,457560.0,200.74
2017-01-18,202.17,204.09,204.09,204.6,777658.0,201.53
2017-01-19,204.51,205.9,205.9,210.21,863297.0,204.51
2017-01-20,206.4,207.14,207.14,208.01,617529.0,206.4
2017-01-23,207.08,209.52,209.52,210.3,892028.0,206.74
2017-01-24,210.63,214.87,214.87,215.99,1027693.0,210.63
2017-01-25,215.63,215.38,215.38,217.96,942908.0,215.19
2017-01-26,215.33,215.45,215.45,216.52,417836.0,213.89
2017-01-27,214.88,215.17,215.17,215.29,334973.0,214.04
2017-01-30,213.42,215.46,215.46,216.08,485257.0,212.13
2017-01-31,215.63,215.84,215.84,216.42,558078.0,213.43
2017-02-01,215.85,215.87,215.87,217.25,493414.0,213.07
2017-02-02,215.58,216.03,216.03,216.98,558626.0,214.8
2017-02-03,216.31,215.39,215.39,217.51,455780.0,214.83
2017-02-06,214.46,213.38,213.38,216.48,749001.0,212.77
2017-02-07,214.46,214.0,214.0,216.18,566719.0,213.75
2017-02-08,214.27,214.1,214.1,215.5,458141.0,213.47
2017-02-09,214.1,214.77,214.77,215.37,999180.0,211.13
2017-02-10,212.5,222.72,222.72,224.17,2023906.0,209.9
2017-02-13,224.41,223.8,223.8,225.53,688412.0,222.68
2017-02-14,223.39,224.23,224.23,224.3,540692.0,222.19
2017-02-15,224.0,222.98,222.98,224.98,459025.0,222.41
2017-02-16,223.2,221.78,221.78,224.01,421657.0,220.24
2017-02-17,221.37,221.55,221.55,222.0,470703.0,219.22
2017-02-21,222.08,224.54,224.54,224.88,603479.0,219.53
2017-02-22,225.02,225.05,225.05,226.15,532562.0,223.56
2017-02-23,226.17,225.31,225.31,226.58,394802.0,224.45
2017-02-24,224.92,225.96,225.96,226.23,343668.0,223.37
2017-02-27,225.26,228.08,228.08,228.3,461006.0,224.33
2017-02-28,228.02,226.36,226.36,228.52,489079.0,226.06
2017-03-01,229.31,231.53,231.53,233.7,546969.0,228.26
2017-03-02,230.4,230.15,230.15,232.46,354921.0,229.71
2017-03-03,230.57,229.67,229.67,232.45,368804.0,229.25
2017-03-06,227.78,228.04,228.04,229.76,396890.0,226.74
2017-03-07,227.93,227.3,227.3,229.36,345104.0,226.24
2017-03-08,227.9,229.57,229.57,230.89,360129.0,227.0
2017-03-09,229.2,228.13,228.13,230.55,332978.0,226.74
2017-03-10,229.51,230.39,230.39,230.98,344504.0,228.94
2017-03-13,230.27,231.07,231.07,231.47,308531.0,229.28
2017-03-14,229.46,229.92,229.92,231.19,267495.0,228.94
2017-03-15,231.0,231.0,231.0,231.62,525177.0,228.53
2017-03-16,231.0,231.4,231.4,233.57,626731.0,230.16
2017-03-17,231.23,230.2,230.2,231.55,665193.0,229.2
2017-03-20,230.83,231.9,231.9,231.99,848131.0,228.97
2017-03-21,232.18,229.42,229.42,232.2,341554.0,229.07
2017-03-22,227.45,227.92,227.92,228.17,693963.0,224.01
2017-03-23,228.3,229.38,229.38,230.81,296274.0,227.95
2017-03-24,229.57,227.02,227.02,230.06,732175.0,225.53
2017-03-27,224.74,227.63,227.63,228.07,330598.0,223.84
2017-03-28,227.32,227.99,227.99,228.85,438659.0,226.03
2017-03-29,226.82,229.96,229.96,230.21,473676.0,226.42
2017-03-30,229.84,228.91,228.91,232.14,397167.0,228.84
2017-03-31,228.87,229.49,229.49,230.29,401244.0,227.67
2017-04-03,229.92,228.33,228.33,231.08,423045.0,226.66
2017-04-04,228.13,227.85,227.85,229.29,425069.0,226.81
2017-04-05,228.87,227.15,227.15,230.38,331145.0,226.82
2017-04-06,227.45,228.39,228.39,229.86,351783.0,226.57
2017-04-07,228.26,228.35,228.35,229.01,364281.0,227.5
2017-04-10,228.31,228.68,228.68,229.55,291502.0,227.98
2017-04-11,228.79,229.93,229.93,230.08,308968.0,227.06
2017-04-12,232.05,230.46,230.46,233.86,389856.0,228.93
2017-04-13,229.95,229.75,229.75,230.92,358171.0,228.84
2017-04-17,230.38,232.48,232.48,232.49,301830.0,229.43
2017-04-18,231.26,231.66,231.66,232.27,330419.0,229.95
2017-04-19,233.14,234.22,234.22,234.99,519264.0,231.8
2017-04-20,235.38,236.29,236.29,237.58,447706.0,234.95
2017-04-21,236.43,234.93,234.93,237.02,708839.0,234.77
2017-04-24,237.75,235.78,235.78,238.16,499430.0,234.74
2017-04-25,236.83,238.42,238.42,240.2,508536.0,236.83
2017-04-26,239.1,238.35,238.35,240.08,606590.0,238.02
2017-04-27,238.46,238.88,238.88,241.02,851726.0,237.06
2017-04-28,230.0,234.79,234.79,236.37,1743236.0,227.99
2017-05-01,235.95,234.68,234.68,236.04,539611.0,233.06
2017-05-02,234.68,231.97,231.97,235.11,564724.0,231.73
2017-05-03,231.37,229.92,229.92,232.39,484713.0,228.8
2017-05-04,230.6,232.56,232.56,232.65,547593.0,230.42
2017-05-05,232.71,232.2,232.2,233.92,297984.0,231.99
2017-05-08,234.12,234.09,234.09,235.12,463024.0,232.06
2017-05-09,234.14,234.39,234.39,235.3,325768.0,233.83
2017-05-10,233.6,233.7,233.7,234.93,290439.0,232.57
2017-05-11,232.7,234.81,234.81,234.97,403288.0,231.46
2017-05-12,234.3,230.53,230.53,234.48,414036.0,229.92
2017-05-15,231.05,232.2,232.2,233.36,448412.0,230.16
2017-05-16,233.37,231.27,231.27,233.65,487870.0,231.1
2017-05-17,231.27,228.75,228.75,231.27,530701.0,227.71
2017-05-18,228.49,228.48,228.48,229.7,343866.0,226.65
2017-05-19,228.94,230.02,230.02,231.11,396445.0,228.48
2017-05-22,230.65,231.58,231.58,232.0,200210.0,230.55
2017-05-23,232.53,232.87,232.87,234.5,673626.0,231.86
2017-05-24,232.97,235.54,235.54,235.8,414935.0,231.93
2017-05-25,236.86,236.98,236.98,238.47,419335.0,235.92
2017-05-26,236.35,235.89,235.89,237.13,258030.0,235.18
2017-05-30,235.83,237.25,237.25,237.63,219680.0,234.78
2017-05-31,238.48,239.3,239.3,239.43,511695.0,236.37
2017-06-01,239.08,238.98,238.98,240.59,574698.0,237.66
2017-06-02,239.07,239.4,239.4,240.0,313246.0,238.48
2017-06-05,239.89,240.22,240.22,240.32,247509.0,238.58
2017-06-06,239.0,239.72,239.72,240.61,297402.0,238.37
2017-06-07,240.46,240.18,240.18,241.23,260413.0,239.17
2017-06-08,240.18,239.21,239.21,241.1,289534.0,237.69
2017-06-09,239.5,240.16,240.16,241.43,250076.0,238.89
2017-06-12,239.52,239.54,239.54,240.52,290024.0,238.02
2017-06-13,239.75,241.95,241.95,242.33,338228.0,239.16
2017-06-14,243.44,243.79,243.79,245.9,546467.0,242.07
2017-06-15,242.97,242.49,242.49,243.37,280360.0,240.94
2017-06-16,242.94,241.93,241.93,242.94,349104.0,238.89
2017-06-19,242.38,243.88,243.88,244.5,179541.0,242.19
2017-06-20,243.9,243.01,243.01,244.85,227742.0,241.86
2017-06-21,243.2,242.92,242.92,243.2,391233.0,241.3
2017-06-22,242.7,242.7,242.7,243.18,321132.0,240.68
2017-06-23,244.25,246.5,246.5,246.74,927059.0,243.11
2017-06-26,247.55,246.65,246.65,248.24,297884.0,245.93
2017-06-27,246.53,243.63,243.63,246.79,239035.0,243.44
2017-06-28,244.88,243.94,243.94,244.88,395039.0,243.39
2017-06-29,243.0,239.71,239.71,244.02,571205.0,237.47
2017-06-30,240.51,241.69,241.69,242.85,324063.0,239.83
2017-07-03,242.37,241.07,241.07,242.38,224363.0,240.37
2017-07-05,241.71,243.76,243.76,243.96,253336.0,240.56
2017-07-06,242.39,241.67,241.67,244.32,273678.0,241.04
2017-07-07,242.77,245.75,245.75,247.33,368663.0,242.65
2017-07-10,245.92,246.64,246.64,247.27,368057.0,245.02
2017-07-11,246.68,246.53,246.53,246.78,350697.0,244.89
2017-07-12,247.72,247.86,247.86,249.25,394344.0,246.28
2017-07-13,247.79,248.02,248.02,249.61,245717.0,247.31
2017-07-14,248.37,247.61,247.61,249.07,310221.0,246.77
2017-07-17,247.68,248.19,248.19,248.57,217509.0,246.53
2017-07-18,248.0,246.88,246.88,249.3,310290.0,246.01
2017-07-19,247.2,247.89,247.89,249.2,429033.0,247.2
2017-07-20,248.54,242.58,242.58,248.54,667880.0,241.7
2017-07-21,242.24,245.12,245.12,246.79,563664.0,241.89
2017-07-24,244.6,244.02,244.02,245.73,456667.0,243.87
2017-07-25,245.0,241.27,241.27,245.0,1108227.0,240.09
2017-07-26,243.74,240.13,240.13,244.56,637509.0,239.35
2017-07-27,240.21,238.34,238.34,241.08,882387.0,236.48
2017-07-28,243.57,248.65,248.65,251.69,1200720.0,242.28
2017-07-31,249.75,248.99,248.99,249.92,587653.0,247.5
2017-08-01,249.9,252.07,252.07,252.23,718964.0,249.59
2017-08-02,251.72,251.7,251.7,252.89,392940.0,250.24
2017-08-03,251.56,250.98,250.98,251.81,321268.0,249.02
2017-08-04,251.18,250.88,250.88,252.09,267028.0,249.21
2017-08-07,250.01,249.38,249.38,250.14,505646.0,247.91
2017-08-08,249.07,248.96,248.96,250.74,339904.0,247.34
2017-08-09,249.07,249.68,249.68,250.2,372279.0,248.19
2017-08-10,247.91,246.41,246.41,248.7,419343.0,246.1
2017-08-11,246.72,245.43,245.43,248.5,313026.0,245.32
2017-08-14,247.01,248.57,248.57,249.68,443470.0,246.11
2017-08-15,249.68,249.94,249.94,250.88,388585.0,248.97
2017-08-16,250.43,252.11,252.11,252.76,395149.0,250.07
2017-08-17,251.74,248.1,248.1,252.16,488890.0,248.06
2017-08-18,247.52,248.97,248.97,249.35,602384.0,246.73
2017-08-21,248.52,246.91,246.91,249.16,288384.0,246.87
2017-08-22,247.0,249.58,249.58,250.38,310382.0,246.72
2017-08-23,248.6,248.06,248.06,249.67,354797.0,245.47
2017-08-24,248.64,245.9,245.9,249.29,329901.0,244.77
2017-08-25,247.1,247.06,247.06,248.46,299945.0,245.43
2017-08-28,247.58,247.12,247.12,248.39,228827.0,246.95
2017-08-29,245.9,248.57,248.57,248.63,328839.0,245.65
2017-08-30,248.81,250.85,250.85,251.04,316746.0,248.09
2017-08-31,252.45,253.12,253.12,254.75,399250.0,252.16
2017-09-01,253.2,254.8,254.8,255.54,445592.0,252.51
2017-09-05,253.98,254.76,254.76,255.46,466235.0,253.98
2017-09-06,255.04,255.56,255.56,256.33,460693.0,253.25
2017-09-07,255.88,252.53,252.53,255.88,646026.0,250.7
2017-09-08,252.5,257.92,257.92,258.38,603400.0,252.22
2017-09-11,259.0,258.07,258.07,259.91,403614.0,256.93
2017-09-12,258.61,259.69,259.69,259.84,325374.0,257.77
2017-09-13,259.69,256.37,256.37,259.69,328642.0,255.59
2017-09-14,255.87,253.76,253.76,256.21,439418.0,253.34
2017-09-15,253.58,254.67,254.67,254.79,473350.0,253.2
2017-09-18,255.06,254.34,254.34,258.28,615419.0,253.69
2017-09-19,252.57,254.45,254.45,254.49,503617.0,251.14
2017-09-20,254.45,256.0,256.0,256.22,348382.0,254.09
2017-09-21,256.0,254.11,254.11,256.75,297600.0,254.03
2017-09-22,248.24,245.67,245.67,248.74,1162454.0,242.49
2017-09-25,244.87,245.03,245.03,245.94,608936.0,243.79
2017-09-26,245.04,245.72,245.72,247.94,399947.0,245.04
2017-09-27,246.28,244.97,244.97,247.47,399822.0,243.75
2017-09-28,245.49,248.08,248.08,248.73,566475.0,245.49
2017-09-29,247.39,247.51,247.51,248.63,756333.0,245.81
2017-10-02,248.16,249.04,249.04,251.23,794568.0,247.51
2017-10-03,249.82,252.02,252.02,252.48,1020526.0,247.97
2017-10-04,251.8,256.91,256.91,257.21,666478.0,251.56
2017-10-05,258.0,256.14,256.14,258.36,559552.0,254.43
2017-10-06,255.11,256.77,256.77,257.38,419112.0,255.11
2017-10-09,257.19,256.74,256.74,257.65,316200.0,256.34
2017-10-10,257.44,254.83,254.83,257.97,443667.0,254.38
2017-10-11,254.71,257.06,257.06,257.22,341189.0,254.26
2017-10-12,257.05,258.24,258.24,258.28,396543.0,256.49
2017-10-13,257.4,254.99,254.99,258.15,513814.0,253.19
2017-10-16,255.89,257.18,257.18,257.64,217043.0,255.0
2017-10-17,257.3,258.73,258.73,259.33,316853.0,257.13
2017-10-18,258.28,260.0,260.0,260.69,403047.0,258.28
2017-10-19,259.48,261.04,261.04,262.3,488880.0,257.79
2017-10-20,262.21,264.52,264.52,264.68,356924.0,261.01
2017-10-23,265.69,264.14,264.14,265.98,403822.0,263.38
2017-10-24,264.09,266.51,266.51,267.12,584863.0,262.33
2017-10-25,266.68,263.15,263.15,266.68,454373.0,261.63
2017-10-26,264.71,262.98,262.98,264.71,1496561.0,261.1
2017-10-27,262.07,264.34,264.34,268.46,864829.0,262.0
2017-10-30,264.23,262.96,262.96,264.9,799467.0,262.08
2017-10-31,262.48,261.76,261.76,264.43,534738.0,261.27
2017-11-01,261.39,262.45,262.45,263.31,397285.0,260.94
2017-11-02,261.49,257.79,257.79,262.46,597137.0,256.36
2017-11-03,258.11,257.33,257.33,259.95,313829.0,256.32
2017-11-06,258.09,260.62,260.62,262.06,538299.0,256.9
2017-11-07,260.49,260.92,260.92,261.5,252307.0,259.21
2017-11-08,261.1,263.48,263.48,263.67,372169.0,259.76
2017-11-09,262.36,264.61,264.61,264.85,351860.0,261.95
2017-11-10,264.35,263.85,263.85,265.42,274537.0,263.43
2017-11-13,264.03,265.02,265.02,265.57,318041.0,263.29
2017-11-14,263.75,267.14,267.14,267.63,365293.0,261.66
2017-11-15,266.51,267.1,267.1,268.06,394886.0,263.89
2017-11-16,268.13,270.65,270.65,271.69,363506.0,267.04
2017-11-17,270.34,272.2,272.2,272.46,222964.0,269.46
2017-11-20,272.75,276.74,276.74,278.2,715954.0,272.75
2017-11-21,275.64,274.25,274.25,279.85,544871.0,273.05
2017-11-22,274.44,274.01,274.01,275.48,346564.0,273.03
2017-11-24,274.55,275.55,275.55,275.98,146216.0,273.28
2017-11-27,276.6,275.53,275.53,277.68,465224.0,274.67
2017-11-28,276.72,280.09,280.09,280.46,333096.0,276.21
2017-11-29,279.92,279.1,279.1,280.2199,367327.0,278.46
2017-11-30,280.17,282.61,282.61,283.22,631461.0,278.68
2017-12-01,283.1,284.82,284.82,286.29,653556.0,279.09
2017-12-04,285.05,284.65,284.65,286.85,870955.0,282.93
2017-12-05,284.12,281.26,281.26,284.71,428179.0,279.22
2017-12-06,280.97,277.67,277.67,281.5741,481193.0,277.45
2017-12-07,277.81,280.32,280.32,281.58,414175.0,277.02
2017-12-08,281.44,280.57,280.57,282.32,329444.0,279.34
2017-12-11,280.37,277.37,277.37,280.495,376644.0,276.79
2017-12-12,277.94,275.34,275.34,279.84,577501.0,275.2
2017-12-13,275.23,275.51,275.51,277.82,530180.0,274.15
2017-12-14,274.72,273.56,273.56,276.47,437379.0,272.26
2017-12-15,275.01,274.71,274.71,275.52,618055.0,273.2
2017-12-18,272.51,275.14,275.14,276.52,489828.0,271.535
2017-12-19,275.415,276.56,276.56,277.595,536693.0,274.22
2017-12-20,277.0,277.55,277.55,279.03,516954.0,276.01
2017-12-21,277.95,277.86,277.86,279.765,560877.0,277.19
2017-12-22,276.85,276.46,276.46,278.58,413871.0,275.28
2017-12-26,276.49,276.45,276.45,277.98,332121.0,275.87
2017-12-27,276.38,273.44,273.44,277.28,337480.0,273.41
2017-12-28,273.97,276.14,276.14,276.5,359373.0,273.12
2017-12-29,276.56,275.9,275.9,278.48,310533.0,275.8
2018-01-02,277.04,276.0,276.0,277.04,454216.0,273.47
2018-01-03,275.71,275.14,275.14,276.87,437002.0,274.25
2018-01-04,275.22,275.26,275.26,277.0,373555.0,274.62
2018-01-05,276.42,276.67,276.67,278.405,543775.0,274.25
2018-01-08,276.84,279.15,279.15,279.41,468600.0,275.42
2018-01-09,278.54,279.79,279.79,282.21,612949.0,278.44
2018-01-10,279.4,272.09,272.09,279.69,851975.0,270.66
2018-01-11,272.13,271.72,271.72,272.93,664679.0,269.25
2018-01-12,271.39,274.07,274.07,274.789,667729.0,269.92
2018-01-16,275.71,274.49,274.49,277.95,506738.0,274.46
2018-01-17,276.16,277.8,277.8,278.31,438826.0,274.63
2018-01-18,277.69,278.13,278.13,278.8112,326260.0,276.885
2018-01-19,279.15,279.14,279.14,279.92,507350.0,276.96
2018-01-22,279.28,279.56,279.56,280.8,579199.0,277.93
