Date,High,Adj Close,Open,Volume,Low,Close
2015-01-02,47.42,43.3443,46.66,27913852.0,46.54,46.76
2015-01-05,46.73,42.9411,46.37,39673865.0,46.25,46.325
2015-01-06,46.749,42.3154,46.38,36447854.0,45.54,45.65
2015-01-07,46.46,42.853,45.98,29114061.0,45.49,46.23
2015-01-08,47.7499,44.1137,46.75,29645202.0,46.72,47.59
2015-01-09,47.82,43.7429,47.61,23715642.0,46.9,47.19
2015-01-12,47.54,43.196,47.42,23651887.0,46.36,46.6
2015-01-13,47.91,42.9689,46.97,35270601.0,46.06,46.355
2015-01-14,46.24,42.5981,45.96,29719580.0,45.62,45.955
2015-01-15,46.38,42.1578,46.22,32750779.0,45.41,45.48
2015-01-16,46.28,42.8623,45.31,35695289.0,45.17,46.24
2015-01-20,46.65,43.0013,46.3,36161860.0,45.57,46.39
2015-01-21,46.14,42.5657,45.94,39081143.0,45.48,45.92
2015-01-22,47.135,43.6873,46.38,35898035.0,46.08,47.13
2015-01-23,47.39,43.7336,47.36,26211594.0,46.8,47.18
2015-01-26,47.1339,43.5761,47.0,42525530.0,46.2399,47.01
2015-01-27,43.2,39.5438,42.95,169163953.0,42.105,42.66
2015-01-28,42.79,38.1812,42.74,84507078.0,41.16,41.19
2015-01-29,42.12,38.9413,40.93,63585273.0,40.79,42.01
2015-01-30,41.58,37.4489,41.55,78004944.0,40.35,40.4
2015-02-02,41.37,38.2646,40.59,50352532.0,40.23,41.28
2015-02-03,41.93,38.5612,41.63,52082448.0,41.045,41.6
2015-02-04,42.21,38.7837,41.94,41614812.0,41.36,41.84
2015-02-05,42.64,39.3491,42.22,36548168.0,41.855,42.45
2015-02-06,42.79,39.3121,42.68,34616554.0,42.15,42.41
2015-02-09,42.74,39.2657,42.24,31381061.0,42.21,42.36
2015-02-10,42.77,39.4882,42.74,29670676.0,42.18,42.6
2015-02-11,42.65,39.2843,42.65,38262509.0,42.21,42.38
2015-02-12,43.09,39.9424,42.66,33268831.0,42.51,43.09
2015-02-13,43.87,40.6654,43.38,40264887.0,43.15,43.87
2015-02-17,44.0,40.684,43.97,33695749.0,43.19,43.58
2015-02-18,43.7,40.6373,43.63,27111657.0,43.39,43.53
2015-02-19,43.5263,40.6093,43.18,27603420.0,43.05,43.5
2015-02-20,43.88,40.9407,43.51,29721133.0,43.29,43.855
2015-02-23,44.19,41.2161,43.7,32518754.0,43.65,44.15
2015-02-24,44.3,41.1601,44.15,25271747.0,43.92,44.09
2015-02-25,44.09,41.0667,43.95,29759820.0,43.8,43.99
2015-02-26,44.23,41.1274,43.99,28957329.0,43.89,44.055
2015-02-27,44.2,40.936,44.13,33807740.0,43.66,43.85
2015-03-02,44.19,40.964,43.67,31924049.0,43.55,43.88
2015-03-03,43.825,40.4039,43.56,31748648.0,43.09,43.28
2015-03-04,43.21,40.1938,43.01,25748692.0,42.88,43.055
2015-03-05,43.24,40.2452,43.07,23193541.0,42.82,43.11
2015-03-06,43.11,39.545,43.0,36248785.0,42.15,42.36
2015-03-09,43.125,40.0025,42.19,32107957.0,42.19,42.85
2015-03-10,42.71,39.237,42.35,39159730.0,42.03,42.03
2015-03-11,42.37,39.1903,42.31,32215314.0,41.84,41.98
2015-03-12,41.65,38.2941,41.33,59992502.0,40.86,41.02
2015-03-13,41.47,38.6302,40.7,58007705.0,40.61,41.38
2015-03-16,41.64,38.7982,41.47,35273452.0,41.28,41.56
2015-03-17,41.83,38.9242,41.37,31673448.0,41.15,41.695
2015-03-18,42.83,39.6757,41.43,44194771.0,41.33,42.5
2015-03-19,42.59,39.475,42.26,33879066.0,42.22,42.285
2015-03-20,42.98,40.0305,42.56,71904529.0,42.49,42.88
2015-03-23,43.13,40.0071,42.88,26246086.0,42.78,42.855
2015-03-24,43.17,40.0491,42.78,25513252.0,42.75,42.9
2015-03-25,42.925,38.7048,42.92,43469907.0,41.44,41.46
2015-03-26,41.61,38.4715,41.22,37495627.0,40.92,41.21
2015-03-27,41.43,38.2474,41.12,34401398.0,40.83,40.97
2015-03-30,41.54,38.2381,41.1,35049662.0,40.91,40.96
2015-03-31,41.03,37.9533,40.78,34887219.0,40.54,40.655
2015-04-01,40.76,38.014,40.6,36865322.0,40.31,40.72
2015-04-02,40.74,37.6126,40.66,37487476.0,40.12,40.29
2015-04-06,41.78,38.7842,40.34,39223692.0,40.18,41.545
2015-04-07,41.91,38.7702,41.61,28809375.0,41.31,41.53
2015-04-08,41.69,38.6675,41.46,24753438.0,41.04,41.42
2015-04-09,41.62,38.7235,41.25,25723861.0,41.25,41.48
2015-04-10,41.95,38.9476,41.63,28022002.0,41.41,41.72
2015-04-13,42.06,38.9849,41.4,30276692.0,41.39,41.76
2015-04-14,42.03,38.8822,41.8,24244382.0,41.39,41.65
2015-04-15,42.46,39.447,41.76,27343581.0,41.68,42.255
2015-04-16,42.34,39.3583,41.95,22509652.0,41.82,42.16
2015-04-17,41.74,38.8495,41.67,42387608.0,41.16,41.615
2015-04-20,43.17,40.0538,41.73,46057733.0,41.68,42.905
2015-04-21,43.15,39.8018,43.0,26013844.0,42.53,42.635
2015-04-22,43.13,40.1285,42.67,25064273.0,42.55,42.985
2015-04-23,43.61,40.4599,42.89,46309530.0,42.8,43.34
2015-04-24,48.14,44.6889,45.66,130933665.0,45.65,47.87
2015-04-27,48.13,44.8382,47.23,59248172.0,47.22,48.03
2015-04-28,49.21,45.8885,47.78,60730778.0,47.7,49.155
2015-04-29,49.31,45.7998,48.72,47804562.0,48.5,49.06
2015-04-30,49.54,45.4077,48.7,64725457.0,48.6,48.64
2015-05-01,48.875,45.4217,48.58,38937336.0,48.4,48.655
2015-05-04,48.87,45.0343,48.37,34039485.0,48.18,48.24
2015-05-05,48.16,44.4368,47.82,50369191.0,47.31,47.6
2015-05-06,47.77,43.2045,47.57,52433020.0,46.02,46.28
2015-05-07,47.085,43.5966,46.27,32971654.0,46.16,46.7
2015-05-08,47.98,44.5768,47.55,35364911.0,47.52,47.75
2015-05-11,47.91,44.2221,47.55,24609416.0,47.37,47.37
2015-05-12,47.68,44.2034,46.85,29928264.0,46.42,47.35
2015-05-13,48.32,44.4602,48.19,34184613.0,47.57,47.625
2015-05-14,48.82,45.4824,48.0301,32980892.0,48.03,48.72
2015-05-15,48.905,45.0856,48.87,28642694.0,48.05,48.295
2015-05-18,48.22,44.8196,47.98,24136502.0,47.61,48.01
2015-05-19,47.81,44.7075,47.56,28574813.0,47.18,47.58
2015-05-20,47.93,44.7075,47.39,25047919.0,47.27,47.58
2015-05-21,47.6,44.5572,47.28,22410698.0,47.005,47.42
2015-05-22,47.35,44.0686,47.3,25720583.0,46.82,46.9
2015-05-26,46.88,43.7773,46.83,29581860.0,46.19,46.59
2015-05-27,47.77,44.7357,46.82,27335639.0,46.62,47.61
2015-05-28,48.02,44.5854,47.5,19283666.0,47.39,47.45
2015-05-29,47.57,44.031,47.43,36519594.0,46.59,46.86
2015-06-01,47.77,44.3787,47.06,28837332.0,46.62,47.23
2015-06-02,47.35,44.0874,46.93,21498326.0,46.62,46.92
2015-06-03,47.735,44.0216,47.37,28002154.0,46.82,46.85
2015-06-04,47.16,43.5612,46.79,27745512.0,46.2,46.36
2015-06-05,46.52,43.3545,46.31,25438086.0,45.84,46.14
2015-06-08,46.43,42.9692,46.3,22121634.0,45.67,45.73
2015-06-09,45.94,42.8941,45.76,24406057.0,45.46,45.65
2015-06-10,46.83,43.7961,45.79,28417405.0,45.69,46.61
2015-06-11,46.92,43.6364,46.66,27347758.0,46.13,46.44
2015-06-12,46.47,43.1947,46.22,23930972.0,45.9,45.97
2015-06-15,45.65,42.7296,45.45,33254517.0,45.0201,45.475
2015-06-16,46.24,43.0632,45.35,27070306.0,45.3,45.83
2015-06-17,46.07,43.1947,45.73,28704061.0,45.36,45.97
2015-06-18,46.8,43.8995,46.22,32658343.0,46.17,46.72
2015-06-19,46.825,43.3169,46.79,63837036.0,45.99,46.1
2015-06-22,46.72,43.439,46.33,20318055.0,46.16,46.23
2015-06-23,46.28,43.1384,46.13,25896473.0,45.62,45.91
2015-06-24,46.245,42.88,45.67,34890901.0,45.55,45.635
2015-06-25,46.06,42.8941,46.03,20615995.0,45.5,45.65
2015-06-26,46.28,42.5276,45.65,49835287.0,45.03,45.26
2015-06-29,45.23,41.6913,45.04,34081746.0,44.36,44.37
2015-06-30,44.72,41.4846,44.71,35945384.0,43.94,44.15
2015-07-01,45.23,41.7618,44.46,28343907.0,44.1,44.445
2015-07-02,44.75,41.7195,44.48,21752013.0,44.06,44.4
2015-07-06,44.48,41.7101,43.96,23033961.0,43.95,44.39
2015-07-07,44.49,41.6256,44.34,36435827.0,43.32,44.3
2015-07-08,44.9,41.5692,44.44,39785901.0,44.03,44.24
2015-07-09,45.22,41.8323,44.75,32424672.0,44.5,44.52
2015-07-10,45.14,41.9168,45.01,25465757.0,44.57,44.61
2015-07-13,45.62,42.7907,44.975,28178329.0,44.9501,45.54
2015-07-14,45.96,42.8659,45.45,22880260.0,45.31,45.62
2015-07-15,45.89,42.9974,45.68,26629615.0,45.43,45.76
2015-07-16,46.69,43.8431,46.01,26271673.0,45.965,46.66
2015-07-17,46.78,43.8055,46.55,29467107.0,46.26,46.62
2015-07-20,47.13,44.0874,46.65,30631905.0,46.44,46.92
2015-07-21,47.33,44.4257,46.78,42781899.0,46.48,47.28
2015-07-22,46.93,42.7907,45.44,59152427.0,45.203,45.54
2015-07-23,46.23,43.3263,45.27,33934010.0,45.1,46.11
2015-07-24,46.32,43.1666,45.91,32333244.0,45.8,45.94
2015-07-27,46.01,42.6122,45.94,39701420.0,45.25,45.35
2015-07-28,45.639,42.6028,45.58,34328948.0,44.79,45.34
2015-07-29,46.78,43.4954,45.4,40945864.0,45.26,46.29
2015-07-30,47.4,44.0498,46.26,39777883.0,45.93,46.88
2015-07-31,47.37,43.8807,47.29,31201480.0,46.5,46.7
2015-08-03,47.0,43.984,46.98,24125886.0,46.45,46.81
2015-08-04,47.71,44.67,46.75,33403916.0,46.68,47.54
2015-08-05,48.41,44.7075,47.98,26739584.0,47.54,47.58
2015-08-06,47.77,43.8055,47.71,27368000.0,46.33,46.62
2015-08-07,46.78,43.9183,46.39,19163038.0,46.26,46.74
2015-08-10,47.49,44.4726,46.95,23079870.0,46.84,47.33
2015-08-11,46.94,43.6082,46.82,29237402.0,45.9,46.41
2015-08-12,46.9,43.9183,46.19,30198532.0,45.705,46.74
2015-08-13,47.1,43.9089,47.06,22627241.0,46.49,46.73
2015-08-14,47.1,44.1626,46.53,21473402.0,46.52,47.0
2015-08-17,47.45,44.4632,46.81,21099746.0,46.57,47.32
2015-08-18,47.43,44.7075,46.84,23574104.0,46.7,47.27
2015-08-19,47.08,44.0833,46.78,31485511.0,46.3,46.61
2015-08-20,46.47,43.1848,46.07,36238227.0,45.66,45.66
2015-08-21,45.48,40.7352,45.3,70053084.0,43.07,43.07
2015-08-24,43.31,39.4206,40.45,88753660.0,39.72,41.68
2015-08-25,43.24,38.2762,42.565,70616597.0,40.39,40.47
2015-08-26,42.84,40.3947,42.01,63407996.0,41.06,42.71
2015-08-27,43.95,41.5202,43.14,50943211.0,42.925,43.9
2015-08-28,44.15,41.5486,43.47,28246725.0,43.39,43.93
2015-08-31,43.93,41.1608,43.74,34441662.0,43.1,43.52
2015-09-01,42.59,39.553,42.23,49688896.0,41.66,41.82
2015-09-02,43.38,41.0095,42.24,37671518.0,41.88,43.36
2015-09-03,43.98,41.1419,43.41,28285205.0,43.28,43.5
2015-09-04,43.04,40.3002,42.81,37138775.0,42.195,42.61
2015-09-08,44.0,41.5108,43.3,32469766.0,43.2,43.89
2015-09-09,44.4,40.7352,44.21,33469485.0,42.91,43.07
2015-09-10,43.79,40.9433,43.12,31366630.0,42.745,43.29
2015-09-11,43.59,41.123,43.14,27132527.0,42.9399,43.48
2015-09-14,43.44,40.7068,43.43,23656048.0,42.86,43.04
2015-09-15,44.29,41.5959,43.19,28882206.0,43.08,43.98
2015-09-16,44.38,41.8985,43.97,23372162.0,43.84,44.3
2015-09-17,45.0,41.8513,44.29,32768161.0,44.08,44.25
2015-09-18,43.99,41.123,43.5,63143684.0,43.33,43.48
2015-09-21,44.47,41.7188,43.62,26177224.0,43.6,44.11
2015-09-22,44.05,41.5202,43.38,28085903.0,43.31,43.9
2015-09-23,44.17,41.4919,43.93,17145238.0,43.51,43.87
2015-09-24,44.13,41.5297,43.45,27905607.0,43.27,43.91
2015-09-25,44.73,41.5581,44.48,29384601.0,43.76,43.94
2015-09-28,44.085,40.9433,43.83,27099680.0,43.205,43.29
2015-09-29,43.57,41.0852,43.37,32763557.0,43.05,43.44
2015-09-30,44.3,41.8607,43.88,33172693.0,43.66,44.26
2015-10-01,44.75,42.1917,44.75,28657859.0,43.75,44.61
2015-10-02,45.57,43.0997,44.27,41839035.0,43.92,45.57
2015-10-05,46.89,44.1022,45.745,34369286.0,45.7,46.63
2015-10-06,47.175,44.2157,46.33,27510808.0,46.22,46.75
2015-10-07,47.35,44.263,47.1,27711492.0,45.95,46.8
2015-10-08,47.515,44.8778,46.56,33772709.0,46.5,47.45
2015-10-09,47.54,44.5562,47.45,28600632.0,46.92,47.11
2015-10-12,47.07,44.4522,46.98,19769066.0,46.5,47.0
2015-10-13,47.1299,44.3481,46.56,19987816.0,46.56,46.89
2015-10-14,47.1,44.1495,46.65,24697766.0,46.53,46.68
2015-10-15,47.03,44.4616,47.01,27189370.0,46.53,47.01
2015-10-16,47.54,44.9345,47.02,26450334.0,46.897,47.51
2015-10-19,47.88,45.0386,47.42,29387581.0,47.02,47.62
2015-10-20,47.81,45.1804,47.44,30802235.0,47.02,47.77
2015-10-21,47.99,44.6413,47.92,25264710.0,47.11,47.2
2015-10-22,48.95,45.4263,47.53,56637074.0,47.09,48.03
2015-10-23,54.07,50.004,52.3,135227059.0,52.25,52.87
2015-10-26,54.32,51.3092,52.53,64633324.0,52.5,54.25
2015-10-27,54.37,50.7795,53.99,50999907.0,53.58,53.69
2015-10-28,53.98,51.0538,53.54,47000753.0,52.86,53.98
2015-10-29,53.83,50.4674,53.54,30202078.0,53.22,53.36
2015-10-30,53.99,49.7864,53.32,46619761.0,52.62,52.64
2015-11-02,53.36,50.3539,52.85,30284982.0,52.62,53.24
2015-11-03,54.39,51.2146,52.93,36596931.0,52.9,54.15
2015-11-04,54.88,51.451,54.18,37087849.0,54.06,54.4
2015-11-05,54.7,51.4321,54.49,31468485.0,54.0,54.38
2015-11-06,54.98,51.9428,54.085,32851204.0,53.964,54.92
2015-11-09,54.87,51.224,54.55,32513067.0,53.56,54.16
2015-11-10,54.13,50.6093,54.07,55283697.0,53.27,53.51
2015-11-11,54.2,50.7417,53.7,36516260.0,53.46,53.65
2015-11-12,53.9791,50.4296,53.48,35361095.0,53.19,53.32
2015-11-13,53.29,49.9756,53.07,36848175.0,52.53,52.84
2015-11-16,53.89,50.8505,53.08,32165198.0,52.85,53.765
2015-11-17,53.53,50.439,53.17,31546754.0,52.85,52.97
2015-11-18,53.98,51.277,53.0,29710030.0,52.9799,53.85
2015-11-19,54.66,51.3627,53.99,28149228.0,53.781,53.94
2015-11-20,54.3,51.6007,54.25,37147608.0,53.265,54.19
2015-11-23,54.46,51.6007,54.25,28235918.0,53.75,54.19
2015-11-24,54.44,51.6579,53.92,24600043.0,53.58,54.25
2015-11-25,54.23,51.1246,54.09,21005147.0,53.69,53.69
2015-11-27,54.08,51.3532,53.8,9009132.0,53.79,53.93
2015-11-30,54.96,51.7531,54.54,56241417.0,53.9999,54.35
2015-12-01,55.23,52.5815,54.41,39952779.0,54.3,55.22
2015-12-02,55.96,52.572,55.32,47274879.0,55.06,55.21
2015-12-03,55.77,51.6103,55.49,38627835.0,53.93,54.2
2015-12-04,56.23,53.2386,54.12,43963662.0,54.1,55.91
2015-12-07,55.97,53.1433,55.79,30709765.0,55.29,55.81
2015-12-08,56.1,53.1243,55.47,32878026.0,54.99,55.79
2015-12-09,55.87,52.353,55.37,36373209.0,54.51,54.98
2015-12-10,55.655,52.6291,55.39,31775826.0,55.01,55.27
2015-12-11,55.1,51.477,54.71,39549497.0,54.01,54.06
2015-12-14,55.21,52.5054,54.33,47006491.0,53.68,55.14
2015-12-15,55.9,52.5625,55.66,39842998.0,55.09,55.2
2015-12-16,56.245,53.448,55.54,37503300.0,54.76,56.13
2015-12-17,56.79,53.0386,56.36,41280907.0,55.5348,55.7
2015-12-18,56.0,51.5436,55.77,84684164.0,54.03,54.13
2015-12-21,55.35,52.2102,54.88,37246325.0,54.2262,54.83
2015-12-22,55.48,52.7053,54.99,28322241.0,54.5,55.35
2015-12-23,55.88,53.1529,55.7,27279832.0,55.44,55.82
2015-12-24,55.96,53.01,55.86,9570002.0,55.43,55.67
2015-12-28,55.95,53.2766,55.35,22458293.0,54.98,55.95
2015-12-29,56.85,53.848,56.29,27731403.0,56.06,56.55
2015-12-30,56.78,53.6194,56.47,21704505.0,56.2875,56.31
2015-12-31,56.19,52.8291,56.04,27334061.0,55.42,55.48
2016-01-04,54.8,52.1816,54.32,53777963.0,53.39,54.8
2016-01-05,55.39,52.4197,54.93,34079674.0,54.54,55.05
2016-01-06,54.4001,51.4674,54.32,39518863.0,53.64,54.05
2016-01-07,53.485,49.6773,52.7,56564852.0,52.07,52.17
2016-01-08,53.28,49.8296,52.37,48753969.0,52.15,52.33
2016-01-11,52.85,49.8011,52.51,36943756.0,51.46,52.3
2016-01-12,53.1,50.2581,52.76,36095539.0,52.06,52.78
2016-01-13,54.07,49.1726,53.8,66883571.0,51.3038,51.64
2016-01-14,53.4163,50.5723,52.0,52381918.0,51.57,53.11
2016-01-15,51.97,48.5536,51.31,71820697.0,50.34,50.99
2016-01-19,51.68,48.1442,51.48,43564538.0,50.06,50.56
2016-01-20,51.38,48.3632,49.98,63272993.0,49.1,50.79
2016-01-21,51.58,48.068,51.0,40191157.0,50.3,50.48
2016-01-22,52.33,49.7915,51.41,37555789.0,51.26,52.29
2016-01-25,52.65,49.3154,51.94,34707717.0,51.65,51.79
2016-01-26,52.44,49.6773,51.79,28900820.0,51.55,52.17
2016-01-27,52.2,48.7727,52.01,36775194.0,51.0201,51.22
2016-01-28,52.21,49.5678,51.86,62513789.0,51.25,52.055
2016-01-29,55.09,52.4577,54.73,83611686.0,54.0,55.09
2016-02-01,55.09,52.0959,54.88,44208542.0,54.495,54.71
2016-02-02,54.26,50.4676,54.17,56313753.0,52.65,53.0
2016-02-03,53.39,49.6677,53.25,57559814.0,51.26,52.16
2016-02-04,52.81,49.5154,52.1,46987123.0,51.37,52.0
2016-02-05,52.0,47.7633,51.94,62008994.0,49.56,50.16
2016-02-08,49.57,47.0491,49.55,59290497.0,48.19,49.41
2016-02-09,50.24,46.9253,49.02,46740474.0,48.67,49.28
2016-02-10,50.39,47.3348,49.89,38236954.0,49.52,49.71
2016-02-11,50.11,47.3158,48.68,48878571.0,48.51,49.69
2016-02-12,50.68,48.0871,50.25,34243324.0,49.75,50.5
2016-02-16,51.09,48.9917,50.9,37291208.0,50.13,51.09
2016-02-17,52.77,50.267,51.49,40788968.0,51.45,52.42
2016-02-18,52.95,50.0465,52.33,27176035.0,52.1,52.19
2016-02-19,52.28,49.6917,51.97,33559073.0,51.53,51.82
2016-02-22,53.0,50.4876,52.28,25008291.0,52.28,52.65
2016-02-23,52.37,49.078,52.34,28895274.0,50.98,51.18
2016-02-24,51.5,49.2506,50.69,33014457.0,50.2,51.36
2016-02-25,52.1,49.9602,51.73,26939467.0,50.61,52.1
2016-02-26,52.68,49.193,52.6,35975925.0,51.1,51.3
2016-02-29,51.65,48.7903,51.35,31654036.0,50.66,50.88
2016-03-01,52.59,50.4205,50.97,33024535.0,50.9199,52.58
2016-03-02,52.96,50.7753,52.41,29289884.0,52.155,52.95
2016-03-03,52.97,50.1999,52.97,24427813.0,51.78,52.35
2016-03-04,52.45,49.8931,52.4,33034150.0,51.71,52.03
2016-03-07,51.8,48.9341,51.56,38428816.0,50.58,51.03
2016-03-08,52.13,49.5287,50.8,33075517.0,50.595,51.65
2016-03-09,52.85,50.6698,51.89,28251588.0,51.855,52.84
2016-03-10,52.94,49.9122,52.93,38387804.0,51.16,52.05
2016-03-11,53.07,50.8903,53.0,32275677.0,52.38,53.07
2016-03-14,53.59,50.9862,52.71,24083616.0,52.63,53.17
2016-03-15,53.59,51.389,52.75,21104763.0,52.74,53.59
2016-03-16,54.6,52.1178,53.45,31691742.0,53.4,54.35
2016-03-17,55.0,52.415,54.21,28223947.0,54.0,54.66
2016-03-18,54.97,51.2931,54.92,67625518.0,53.445,53.49
2016-03-21,53.9298,51.6479,53.25,23925716.0,52.93,53.86
2016-03-22,54.25,51.8493,53.61,23124143.0,53.46,54.07
2016-03-23,54.24,51.7534,54.11,20129015.0,53.74,53.97
2016-03-24,54.33,51.9835,53.84,19949972.0,53.73,54.21
2016-03-28,54.29,51.341,54.21,17025050.0,53.33,53.54
2016-03-29,54.86,52.463,53.66,23924329.0,53.45,54.71
2016-03-30,55.64,52.789,54.93,23008260.0,54.9,55.05
2016-03-31,55.59,52.9616,54.95,26360495.0,54.86,55.23
2016-04-01,55.61,53.2877,55.05,24399193.0,54.57,55.57
2016-04-04,55.66,53.1534,55.43,18928810.0,55.0,55.43
2016-04-05,55.3,52.3191,55.19,19272255.0,54.46,54.56
2016-04-06,55.2,52.8561,54.36,21188682.0,54.21,55.12
2016-04-07,54.91,52.2233,54.87,19225092.0,54.23,54.46
2016-04-08,55.28,52.1849,54.67,22167223.0,54.32,54.42
2016-04-11,55.15,52.0794,54.49,21414227.0,54.3,54.31
2016-04-12,54.78,52.4055,54.37,24944288.0,53.76,54.65
2016-04-13,55.4375,53.0767,55.12,20817961.0,54.89,55.35
2016-04-14,55.575,53.0863,55.22,20877108.0,55.07,55.36
2016-04-15,55.92,53.3644,55.3,28793753.0,55.11,55.65
2016-04-18,56.59,54.1411,55.49,23785950.0,55.21,56.46
2016-04-19,56.77,54.074,56.63,29596827.0,55.68,56.39
2016-04-20,56.5,53.3068,56.29,36195714.0,55.485,55.59
2016-04-21,56.23,53.489,55.8,38909096.0,55.415,55.78
2016-04-22,52.4297,49.6533,51.91,126834091.0,50.77,51.78
2016-04-25,52.13,49.9698,51.78,33226948.0,51.63,52.11
2016-04-26,52.35,49.3273,52.26,33532636.0,51.09,51.44
2016-04-27,51.5,48.8478,51.48,43369256.0,50.55,50.94
2016-04-28,50.77,47.8505,50.62,43134846.0,49.56,49.9
2016-04-29,50.25,47.8218,49.35,48411684.0,49.35,49.87
2016-05-02,50.75,48.5314,50.0,33114539.0,49.7799,50.61
2016-05-03,50.41,47.7355,50.34,26460244.0,49.6,49.78
2016-05-04,50.06,47.8218,49.84,24257556.0,49.46,49.87
2016-05-05,50.3,47.8889,49.87,25390718.0,49.73,49.94
2016-05-06,50.39,48.3204,49.92,24787301.0,49.66,50.39
2016-05-09,50.585,48.0136,50.49,17951598.0,50.0,50.07
2016-05-10,51.1,48.9245,50.33,22890966.0,50.19,51.02
2016-05-11,51.78,48.9533,51.13,24039140.0,51.0,51.05
2016-05-12,51.81,49.3944,51.2,24102781.0,50.92,51.51
2016-05-13,51.895,48.9821,51.44,22592342.0,51.04,51.08
2016-05-16,51.96,49.7013,50.8,20032017.0,50.75,51.83
2016-05-17,51.73,48.7807,51.72,27803514.0,50.36,50.51
2016-05-18,51.14,49.0704,50.48,24907532.0,50.3,50.81
2016-05-19,50.62,48.5972,50.47,23842358.0,49.82,50.32
2016-05-20,51.22,48.8869,50.48,23905769.0,50.4,50.62
2016-05-23,50.68,48.3171,50.6,26118720.0,49.98,50.03
2016-05-24,51.71,49.8237,50.7,34757944.0,50.4,51.59
2016-05-25,52.49,50.3356,51.92,24204566.0,51.79,52.12
2016-05-26,51.9793,50.1135,51.93,24335223.0,51.36,51.89
2016-05-27,52.32,50.5287,51.92,17721438.0,51.77,52.32
2016-05-31,53.0,51.1855,52.26,37653081.0,52.08,53.0
2016-06-01,52.95,51.0406,52.44,25324828.0,52.44,52.85
2016-06-02,52.74,50.6833,52.64,22840779.0,51.835,52.48
2016-06-03,52.42,50.0169,52.38,23368291.0,51.6,51.79
2016-06-06,52.35,50.3452,51.99,18243271.0,51.89,52.13
2016-06-07,52.73,50.3163,52.24,20866770.0,52.1,52.1
2016-06-08,52.44,50.2583,52.02,21149438.0,51.87,52.04
2016-06-09,52.0,49.8527,52.0,20305664.0,51.49,51.62
2016-06-10,52.05,49.7175,51.05,25833151.0,51.04,51.48
2016-06-13,50.715,48.4234,49.58,83217844.0,49.06,50.14
2016-06-14,50.1,48.124,49.9,42577106.0,49.57,49.83
2016-06-15,50.12,47.9888,49.78,33757639.0,49.69,49.69
2016-06-16,50.47,48.6648,49.52,31188605.0,49.5068,50.39
2016-06-17,50.43,48.4137,50.41,45710516.0,49.82,50.13
2016-06-20,50.83,48.3558,50.64,35607946.0,50.03,50.07
2016-06-21,51.43,49.4374,50.2,34097825.0,50.16,51.19
2016-06-22,51.46,49.2443,51.08,28816848.0,50.9525,50.99
2016-06-23,52.06,50.1328,51.28,29028833.0,51.15,51.91
2016-06-24,50.94,48.124,49.81,133502985.0,49.52,49.83
2016-06-27,49.1466,46.7719,49.1,50576699.0,48.035,48.43
2016-06-28,49.47,47.7473,48.92,38140658.0,48.67,49.44
2016-06-29,50.72,48.8097,49.91,31304021.0,49.8,50.54
2016-06-30,51.3,49.4181,50.72,28527781.0,50.5,51.17
2016-07-01,51.72,49.4084,51.13,21400392.0,51.07,51.16
2016-07-05,51.28,49.4181,50.83,24806351.0,50.74,51.17
2016-07-06,51.54,49.6209,50.78,28167461.0,50.39,51.38
2016-07-07,51.61,49.6209,51.42,19585194.0,51.07,51.38
2016-07-08,52.36,50.5094,51.73,28391026.0,51.55,52.3
2016-07-11,52.83,50.7895,52.5,22269203.0,52.47,52.59
2016-07-12,53.4,51.3883,52.94,27317555.0,52.785,53.21
2016-07-13,53.86,51.678,53.56,25356841.0,53.18,53.51
2016-07-14,53.99,51.9001,53.84,24545520.0,53.58,53.74
2016-07-15,54.0,51.8615,53.95,32024385.0,53.21,53.7
2016-07-18,54.34,52.1126,53.7,31433864.0,53.55,53.96
2016-07-19,53.9,51.2724,53.71,53336533.0,52.93,53.09
2016-07-20,56.84,53.9958,56.15,89893301.0,55.53,55.91
2016-07-21,56.23,53.8896,55.98,32776653.0,55.76,55.8
2016-07-22,56.6275,54.6332,56.08,32157167.0,55.78,56.57
2016-07-25,56.74,54.7877,56.47,25610587.0,56.255,56.73
2016-07-26,57.29,54.8167,56.52,28078995.0,56.51,56.76
2016-07-27,56.8,54.2662,56.61,32327477.0,56.11,56.19
2016-07-28,56.37,54.2856,56.0,37550411.0,55.72,56.21
2016-07-29,56.76,54.7395,56.26,30558718.0,56.05,56.68
2016-08-01,56.75,54.6429,56.6,26003419.0,56.14,56.58
2016-08-02,56.9,54.6429,56.85,35121958.0,56.31,56.58
2016-08-03,57.11,55.0195,56.68,22075616.0,56.49,56.97
2016-08-04,57.5193,55.4252,56.8,26587749.0,56.67,57.39
2016-08-05,58.21,55.9756,57.65,29335221.0,57.45,57.96
2016-08-08,58.085,56.0722,58.055,19473499.0,57.78,58.06
2016-08-09,58.5,56.2074,58.17,16920721.0,58.02,58.2
2016-08-10,58.32,56.0336,58.16,15756913.0,57.82,58.02
2016-08-11,58.45,56.304,58.03,18162301.0,58.03,58.3
2016-08-12,58.19,55.9563,58.03,21655161.0,57.62,57.94
2016-08-15,58.5,56.1302,58.01,19283902.0,57.96,58.12
2016-08-16,57.62,55.8211,57.61,20523493.0,57.27,57.44
2016-08-17,57.68,55.9377,57.54,18856423.0,57.23,57.56
2016-08-18,57.7,55.9766,57.42,14214341.0,57.27,57.6
2016-08-19,57.73,55.996,57.43,17271044.0,57.2,57.62
2016-08-22,57.75,56.0446,57.6,15221922.0,57.26,57.67
2016-08-23,58.18,56.2584,57.9,18732373.0,57.85,57.89
2016-08-24,58.04,56.3167,57.8,18151506.0,57.715,57.95
2016-08-25,58.29,56.5305,57.88,18552579.0,57.78,58.17
2016-08-26,58.7,56.3945,58.28,20971202.0,57.69,58.03
2016-08-29,58.6,56.4625,58.18,16417207.0,58.1,58.1
2016-08-30,58.19,56.2584,57.98,16930185.0,57.61,57.89
2016-08-31,57.8,55.8406,57.65,20860269.0,57.3,57.46
2016-09-01,57.82,55.9669,57.01,26075363.0,57.01,57.59
2016-09-02,58.19,56.0446,57.67,18900489.0,57.42,57.67
2016-09-06,57.8,55.9863,57.78,16278416.0,57.21,57.61
2016-09-07,57.84,56.0349,57.47,17493359.0,57.405,57.66
2016-09-08,57.79,55.8114,57.63,20146083.0,57.18,57.43
2016-09-09,57.52,54.6258,56.79,35113934.0,56.21,56.21
2016-09-12,57.205,55.4421,56.0,29302962.0,55.61,57.05
2016-09-13,56.65,54.9368,56.5,30130213.0,56.05,56.53
2016-09-14,56.63,54.6744,56.39,24274273.0,56.03,56.26
2016-09-15,57.35,55.5782,56.15,27062614.0,55.98,57.19
2016-09-16,57.63,55.6365,57.63,44606965.0,56.75,57.25
2016-09-19,57.75,55.3255,57.27,20937104.0,56.85,56.93
2016-09-20,57.35,55.2089,57.35,17383982.0,56.75,56.81
2016-09-21,57.85,56.1321,57.51,33707272.0,57.08,57.76
2016-09-22,58.0,56.1904,57.92,19822203.0,57.63,57.82
2016-09-23,57.91,55.8114,57.87,19955336.0,57.38,57.43
2016-09-26,57.14,55.2963,57.08,21688720.0,56.83,56.9
2016-09-27,58.06,56.3167,56.93,28065071.0,56.681,57.95
2016-09-28,58.06,56.3945,57.88,20536400.0,57.67,58.03
2016-09-29,58.1679,55.7822,57.81,25463536.0,57.21,57.4
2016-09-30,57.77,55.9766,57.57,29910788.0,57.34,57.6
2016-10-03,57.55,55.8017,57.405,19189515.0,57.06,57.42
2016-10-04,57.595,55.6268,57.27,20085874.0,56.97,57.24
2016-10-05,57.9601,56.0155,57.29,16726411.0,57.26,57.64
2016-10-06,57.86,56.1127,57.74,16212611.0,57.28,57.74
2016-10-07,57.98,56.171,57.85,20089020.0,57.42,57.8
2016-10-10,58.39,56.4042,57.91,18196509.0,57.87,58.04
2016-10-11,58.02,55.5782,57.89,26497418.0,56.89,57.19
2016-10-12,57.27,55.5004,57.11,22177464.0,56.4,57.11
2016-10-13,57.3,55.3158,56.7,25313748.0,56.315,56.92
2016-10-14,57.74,55.8017,57.12,27402451.0,57.12,57.42
2016-10-17,57.46,55.6073,57.36,23830014.0,56.87,57.22
2016-10-18,57.945,56.0349,57.53,19149538.0,57.41,57.66
2016-10-19,57.84,55.9086,57.47,22878397.0,57.395,57.53
2016-10-20,57.52,55.6365,57.5,49455612.0,56.66,57.25
2016-10-21,60.45,57.9785,60.28,80032206.0,59.485,59.66
2016-10-24,61.0,59.2808,59.94,54066978.0,59.93,61.0
2016-10-25,61.3699,59.2711,60.85,35137164.0,60.8,60.99
2016-10-26,61.2,58.9212,60.81,29911608.0,60.47,60.63
2016-10-27,60.83,58.4061,60.61,28479856.0,60.09,60.1
2016-10-28,60.52,58.1826,60.01,33574684.0,59.58,59.87
2016-10-31,60.42,58.2312,60.16,26434697.0,59.92,59.92
2016-11-01,60.02,58.1146,59.97,24532986.0,59.25,59.8
2016-11-02,59.93,57.755,59.82,22147005.0,59.3,59.43
2016-11-03,59.64,57.5412,59.53,21600427.0,59.11,59.21
2016-11-04,59.28,57.0553,58.65,28697016.0,58.52,58.71
2016-11-07,60.52,58.7171,59.78,31664798.0,59.78,60.42
2016-11-08,60.78,58.7657,60.55,22935355.0,60.15,60.47
2016-11-09,60.59,58.4742,60.0,49632479.0,59.2,60.17
2016-11-10,60.49,57.0456,60.48,57822394.0,57.6302,58.7
2016-11-11,59.116,57.3566,58.23,38767843.0,58.01,59.02
2016-11-14,59.08,56.4819,59.02,41328422.0,57.28,58.12
2016-11-15,59.49,57.5898,58.33,35904126.0,58.315,58.87
2016-11-16,59.66,58.3529,58.94,27332475.0,58.81,59.65
2016-11-17,60.95,59.3213,60.41,32132728.0,59.965,60.64
2016-11-18,61.14,59.0376,60.78,27686311.0,60.3,60.35
2016-11-21,60.97,59.5365,60.5,19652595.0,60.42,60.86
2016-11-22,61.26,59.7909,60.98,23206700.0,60.805,61.12
2016-11-23,61.1,59.0865,61.01,21848913.0,60.25,60.4
2016-11-25,60.53,59.2137,60.3,8409616.0,60.13,60.53
2016-11-28,61.02,59.292,60.34,20732619.0,60.21,60.61
2016-11-29,61.41,59.7615,60.65,22366721.0,60.52,61.09
2016-11-30,61.18,58.9496,60.86,34655435.0,60.215,60.26
2016-12-01,60.15,57.9126,60.11,34542121.0,58.935,59.2
2016-12-02,59.47,57.9616,59.08,25515665.0,58.8,59.25
2016-12-05,60.585,58.9105,59.7,23552658.0,59.56,60.22
2016-12-06,60.46,58.6463,60.43,19907035.0,59.8,59.95
2016-12-07,61.38,60.0355,60.01,30808969.0,59.8,61.37
2016-12-08,61.58,59.6833,61.3,21220753.0,60.84,61.01
2016-12-09,61.99,60.6224,61.18,27349356.0,61.125,61.97
2016-12-12,62.3,60.8181,61.82,20198081.0,61.72,62.17
2016-12-13,63.42,61.6104,62.5,35718868.0,62.24,62.98
2016-12-14,63.45,61.317,63.0,30352654.0,62.53,62.68
2016-12-15,63.1535,61.2191,62.7,27669868.0,62.3,62.58
2016-12-16,62.95,60.9452,62.95,42453083.0,62.115,62.3
2016-12-19,63.77,62.2365,62.56,34338219.0,62.42,63.62
2016-12-20,63.8,62.1583,63.69,26028379.0,63.025,63.54
2016-12-21,63.7,62.1583,63.43,17096304.0,63.12,63.54
2016-12-22,64.1,62.168,63.84,22176585.0,63.405,63.55
2016-12-23,63.54,61.8648,63.45,12403819.0,62.8,63.24
2016-12-27,64.07,61.9039,63.21,11763173.0,63.21,63.28
2016-12-28,63.4,61.6202,63.4,14653348.0,62.83,62.99
2016-12-29,63.2,61.5322,62.86,10250582.0,62.73,62.9
2016-12-30,62.99,60.7887,62.96,25579908.0,62.03,62.14
2017-01-03,62.84,61.2191,62.79,20694101.0,62.125,62.58
2017-01-04,62.75,60.9452,62.48,21339969.0,62.12,62.3
2017-01-05,62.66,60.9452,62.19,24875968.0,62.03,62.3
2017-01-06,63.15,61.4735,62.3,19922919.0,62.04,62.84
2017-01-09,63.08,61.2778,62.76,20382730.0,62.54,62.64
2017-01-10,63.07,61.2583,62.73,18593004.0,62.28,62.62
2017-01-11,63.23,61.8159,62.61,21517335.0,62.43,63.19
2017-01-12,63.4,61.2485,63.06,20968223.0,61.95,62.61
2017-01-13,62.865,61.3365,62.62,19422310.0,62.35,62.7
2017-01-17,62.7,61.1702,62.68,20663983.0,62.03,62.53
2017-01-18,62.7,61.1409,62.67,19670102.0,62.12,62.5
2017-01-19,62.98,60.9452,62.24,18451655.0,62.195,62.3
2017-01-20,62.82,61.3757,62.67,30213462.0,62.37,62.74
2017-01-23,63.1159,61.5909,62.7,23097581.0,62.57,62.96
2017-01-24,63.735,62.1387,63.2,24672940.0,62.94,63.52
2017-01-25,64.1,62.2952,63.95,24654933.0,63.45,63.68
2017-01-26,64.535,62.8724,64.12,43554645.0,63.55,64.27
2017-01-27,65.91,64.3496,65.39,44817972.0,64.89,65.78
2017-01-30,65.79,63.7137,65.69,31651445.0,64.8,65.13
2017-01-31,65.15,63.2441,64.86,25270549.0,64.26,64.65
2017-02-01,64.62,62.1974,64.36,39671528.0,63.47,63.58
2017-02-02,63.41,61.7963,63.25,45827013.0,62.75,63.17
2017-02-03,63.7,62.2952,63.5,30301759.0,63.07,63.68
2017-02-06,63.65,62.2561,63.5,19796360.0,63.14,63.64
2017-02-07,63.78,62.0507,63.74,20277226.0,63.23,63.43
2017-02-08,63.81,61.9626,63.57,18096358.0,63.22,63.34
2017-02-09,64.44,62.667,63.52,22644443.0,63.32,64.06
2017-02-10,64.3,62.6083,64.25,18170729.0,63.98,64.0
2017-02-13,64.86,63.3126,64.24,22920101.0,64.13,64.72
2017-02-14,64.72,63.5474,64.41,23108426.0,64.02,64.57
2017-02-15,64.57,63.508,64.5,17005157.0,64.16,64.53
2017-02-16,65.24,63.4982,64.74,20546345.0,64.44,64.52
2017-02-17,64.69,63.5966,64.47,21248818.0,64.3,64.62
2017-02-21,64.95,63.4687,64.61,20655869.0,64.45,64.49
2017-02-22,64.39,63.3407,64.33,19292651.0,64.05,64.36
2017-02-23,64.73,63.5966,64.42,20273128.0,64.19,64.62
2017-02-24,64.8,63.5966,64.53,21796800.0,64.14,64.62
2017-02-27,64.54,63.2128,64.54,15871507.0,64.05,64.23
2017-02-28,64.2,62.9667,64.08,23239825.0,63.76,63.98
2017-03-01,64.99,63.9115,64.13,26937459.0,64.02,64.94
2017-03-02,64.75,62.9963,64.69,24539597.0,63.88,64.01
2017-03-03,64.28,63.2325,63.99,18139405.0,63.62,64.25
2017-03-06,64.56,63.2521,63.97,18750255.0,63.81,64.27
2017-03-07,64.78,63.3801,64.19,18520987.0,64.19,64.4
2017-03-08,65.08,63.9607,64.26,21510907.0,64.25,64.99
2017-03-09,65.2,63.7049,65.19,19846832.0,64.48,64.73
2017-03-10,65.26,63.9017,65.11,19538245.0,64.75,64.93
2017-03-13,65.19,63.6852,65.01,20100035.0,64.57,64.71
2017-03-14,64.55,63.3899,64.53,14280202.0,64.15,64.41
2017-03-15,64.92,63.7245,64.55,24833810.0,64.25,64.75
2017-03-16,64.76,63.6163,64.75,20674296.0,64.3,64.64
2017-03-17,65.24,63.8426,64.91,49219686.0,64.68,64.87
2017-03-20,65.18,63.9017,64.91,14598083.0,64.72,64.93
2017-03-21,65.5,63.1931,65.19,26640480.0,64.13,64.21
2017-03-22,65.14,64.0001,64.12,20680015.0,64.12,65.03
2017-03-23,65.24,63.8426,64.94,19269203.0,64.77,64.87
2017-03-24,65.45,63.9509,65.36,22617105.0,64.76,64.98
2017-03-27,65.22,64.069,64.63,18614662.0,64.35,65.1
2017-03-28,65.47,64.256,64.96,20080358.0,64.65,65.29
2017-03-29,65.5,64.4331,65.12,13618424.0,64.95,65.47
2017-03-30,65.98,64.6693,65.42,15122823.0,65.36,65.71
2017-03-31,66.19,64.817,65.65,21040331.0,65.45,65.86
2017-04-03,65.94,64.5119,65.81,20400871.0,65.19,65.55
2017-04-04,65.81,64.689,65.39,12997449.0,65.28,65.73
2017-04-05,66.35,64.5217,66.3,21448594.0,65.44,65.56
2017-04-06,66.06,64.689,65.6,18103453.0,65.48,65.73
2017-04-07,65.96,64.6398,65.85,14089274.0,65.44,65.68
2017-04-10,65.82,64.4922,65.61,17952742.0,65.36,65.53
2017-04-11,65.61,64.443,65.6,18791533.0,64.85,65.48
2017-04-12,65.51,64.1969,65.42,17108513.0,65.11,65.23
2017-04-13,65.86,63.9214,65.29,17896483.0,64.95,64.95
2017-04-17,65.49,64.443,65.04,16689265.0,65.01,65.48
2017-04-18,65.71,64.3544,65.33,15155611.0,65.16,65.39
2017-04-19,65.75,64.0099,65.65,26992771.0,64.89,65.04
2017-04-20,65.75,64.4627,65.46,22299477.0,65.14,65.5
2017-04-21,66.7,65.3484,65.67,32522645.0,65.45,66.4
2017-04-24,67.66,66.4605,67.48,29721254.0,67.1,67.53
2017-04-25,68.04,66.8443,67.9,29983174.0,67.6,67.92
2017-04-26,68.31,66.7558,68.08,25544417.0,67.62,67.83
2017-04-27,68.38,67.1888,68.15,32219234.0,67.58,68.27
2017-04-28,69.14,67.3758,68.91,38940853.0,67.69,68.46
2017-05-01,69.55,68.3107,68.68,31304672.0,68.5,69.41
2017-05-02,69.71,68.2025,69.71,23000828.0,69.13,69.3
2017-05-03,69.38,67.986,69.38,28725646.0,68.71,69.08
2017-05-04,69.08,67.7202,69.03,21421413.0,68.64,68.81
2017-05-05,69.03,67.9072,68.9,18882845.0,68.49,69.0
2017-05-08,69.05,67.8482,68.97,18446053.0,68.42,68.94
2017-05-09,69.28,67.9466,68.86,22318181.0,68.68,69.04
2017-05-10,69.56,68.2123,68.99,17842038.0,68.92,69.31
2017-05-11,68.73,67.3758,68.36,27985424.0,68.12,68.46
2017-05-12,68.61,67.297,68.61,17073013.0,68.04,68.38
2017-05-15,68.48,67.3463,68.14,30705323.0,67.57,68.43
2017-05-16,69.44,68.6946,68.23,33250702.0,68.16,69.41
2017-05-17,69.1,66.7845,68.89,29964198.0,67.43,67.48
2017-05-18,68.13,67.0121,67.4,24789790.0,67.14,67.71
2017-05-19,68.1,66.9923,67.5,26496478.0,67.43,67.69
2017-05-22,68.5,67.7445,67.89,15484530.0,67.5,68.45
2017-05-23,68.75,67.9721,68.72,15347877.0,68.38,68.68
2017-05-24,68.88,68.0612,68.87,14422965.0,68.45,68.77
2017-05-25,69.88,68.9024,68.97,21702912.0,68.91,69.62
2017-05-26,70.22,69.2389,69.8,19644260.0,69.52,69.96
2017-05-30,70.41,69.6843,69.79,16901792.0,69.77,70.41
2017-05-31,70.74,69.1201,70.53,29538356.0,69.81,69.84
2017-06-01,70.61,69.3774,70.24,21066468.0,69.45,70.1
2017-06-02,71.86,71.0203,70.44,34586054.0,70.24,71.76
2017-06-05,72.89,71.535,71.97,29507429.0,71.81,72.28
2017-06-06,72.62,71.7725,72.3,31220057.0,72.27,72.52
2017-06-07,72.77,71.6438,72.64,21895156.0,71.95,72.39
2017-06-08,72.52,71.2084,72.51,23982410.0,71.5,71.95
2017-06-09,72.08,69.5952,72.04,48619420.0,68.59,70.32
2017-06-12,69.94,69.0607,69.25,47363986.0,68.13,69.78
2017-06-13,70.82,69.9218,70.02,24815455.0,69.96,70.65
2017-06-14,71.1,69.5457,70.91,25271276.0,69.43,70.27
2017-06-15,70.21,69.1795,69.27,25701569.0,68.8,69.9
2017-06-16,70.03,69.2785,69.73,46911637.0,69.22,70.0
2017-06-19,70.94,70.1395,70.5,23146852.0,70.35,70.87
2017-06-20,70.87,69.1894,70.82,20775590.0,69.87,69.91
2017-06-21,70.62,69.5457,70.21,19190623.0,69.94,70.27
2017-06-22,70.59,69.5358,70.54,22222851.0,69.71,70.26
2017-06-23,71.25,70.476,70.09,23176418.0,69.92,71.21
2017-06-26,71.71,69.803,71.4,19308122.0,70.44,70.53
2017-06-27,70.18,68.4966,70.11,24862560.0,69.18,69.21
2017-06-28,69.84,69.0805,69.21,25226070.0,68.79,69.8
2017-06-29,69.49,67.784,69.38,28231562.0,68.09,68.49
2017-06-30,69.38,68.2195,68.78,23039328.0,68.74,68.93
2017-07-03,69.6,67.4673,69.33,16165500.0,68.02,68.17
2017-07-05,69.44,68.368,68.26,20174523.0,68.22,69.08
2017-07-06,68.78,67.8632,68.27,20776555.0,68.12,68.57
2017-07-07,69.84,68.744,68.7,15897154.0,68.7,69.46
2017-07-10,70.25,69.2587,69.46,14903400.0,69.2,69.98
2017-07-11,70.68,69.2686,70.0,16880205.0,69.75,69.99
2017-07-12,71.28,70.4166,70.69,17382861.0,70.55,71.15
2017-07-13,72.0399,71.0302,71.5,20149208.0,71.31,71.77
2017-07-14,73.27,72.0298,72.24,25689303.0,71.96,72.78
2017-07-17,73.45,72.5939,72.8,21481069.0,72.72,73.35
2017-07-18,73.39,72.5445,73.09,26150272.0,72.66,73.3
2017-07-19,74.04,73.0987,73.5,21769229.0,73.45,73.86
2017-07-20,74.3,73.455,74.18,34174677.0,73.28,74.22
2017-07-21,74.29,73.0294,73.45,45302930.0,73.17,73.79
2017-07-24,73.75,72.8414,73.53,20836422.0,73.13,73.6
2017-07-25,74.31,73.4253,73.8,21522189.0,73.5,74.19
2017-07-26,74.38,73.2867,74.34,15850344.0,73.81,74.05
2017-07-27,74.42,72.4059,73.76,35518251.0,72.32,73.16
2017-07-28,73.31,72.2871,72.67,17472880.0,72.54,73.04
2017-07-31,73.44,71.9506,73.3,23151962.0,72.41,72.7
2017-08-01,73.42,71.8319,73.1,19060885.0,72.49,72.58
2017-08-02,72.56,71.5152,72.55,26405096.0,71.44,72.26
2017-08-03,72.44,71.4063,72.19,17937522.0,71.85,72.15
2017-08-04,73.04,71.9309,72.4,22579000.0,72.24,72.68
2017-08-07,72.9,71.6537,72.8,18705700.0,72.26,72.4
2017-08-08,73.13,72.0397,72.09,21446993.0,71.75,72.79
2017-08-09,72.51,71.723,72.25,20401071.0,72.05,72.47
2017-08-10,72.19,70.6739,71.9,23153711.0,71.35,71.41
2017-08-11,72.7,71.7527,71.61,21121250.0,71.28,72.5
2017-08-14,73.72,72.8315,73.06,19756773.0,72.95,73.59
2017-08-15,73.59,72.8513,73.59,17791179.0,73.04,73.22
2017-08-16,74.1,73.2791,73.34,17814317.0,73.17,73.65
2017-08-17,73.87,72.0354,73.58,21834250.0,72.4,72.4
2017-08-18,72.84,72.1249,72.27,18215276.0,71.93,72.49
2017-08-21,72.48,71.7867,72.47,17656716.0,71.7,72.15
2017-08-22,73.24,72.7916,72.35,14183146.0,72.35,73.16
2017-08-23,73.15,72.3538,72.96,13586784.0,72.53,72.72
2017-08-24,72.86,72.3239,72.74,15980144.0,72.07,72.69
2017-08-25,73.35,72.4533,72.86,12574503.0,72.48,72.82
2017-08-28,73.09,72.4632,73.06,14112777.0,72.55,72.83
2017-08-29,73.16,72.6821,72.25,11325418.0,72.05,73.05
2017-08-30,74.21,73.6373,73.01,16826094.0,72.83,74.01
2017-08-31,74.96,74.3935,74.03,26688077.0,73.8,74.77
2017-09-01,74.74,73.5676,74.71,21593192.0,73.64,73.94
2017-09-05,73.89,73.2393,73.34,21432599.0,72.98,73.61
2017-09-06,74.04,73.0304,73.74,15945136.0,73.35,73.4
2017-09-07,74.6,73.9656,73.68,17165518.0,73.6,74.34
2017-09-08,74.44,73.6074,74.33,14474383.0,73.84,73.98
2017-09-11,74.94,74.3835,74.31,17428067.0,74.31,74.76
2017-09-12,75.24,74.3039,74.76,14003880.0,74.37,74.68
2017-09-13,75.23,74.8312,74.93,12998629.0,74.55,75.21
2017-09-14,75.49,74.3935,75.0,15373384.0,74.52,74.77
2017-09-15,75.39,74.9307,74.83,37901927.0,74.07,75.31
2017-09-18,75.97,74.7815,75.23,22730355.0,75.04,75.16
2017-09-19,75.71,75.0601,75.21,15606870.0,75.01,75.44
2017-09-20,75.55,74.5626,75.35,20415084.0,74.31,74.94
2017-09-21,75.24,73.8363,75.11,19038998.0,74.11,74.21
2017-09-22,74.51,74.0353,73.99,13969937.0,73.85,74.41
2017-09-25,74.25,72.8911,74.09,23502422.0,72.92,73.26
2017-09-26,73.81,72.8911,73.67,17105469.0,72.99,73.26
2017-09-27,74.17,73.4781,73.55,18934048.0,73.17,73.85
2017-09-28,73.97,73.498,73.54,10814063.0,73.31,73.87
2017-09-29,74.54,74.1149,73.94,16700435.0,73.88,74.49
2017-10-02,75.01,74.2343,74.71,15210338.0,74.3,74.61
2017-10-03,74.88,73.886,74.67,11935853.0,74.19,74.26
2017-10-04,74.72,74.3139,74.09,13287346.0,73.71,74.69
2017-10-05,76.12,75.5874,75.22,20656238.0,74.96,75.97
2017-10-06,76.03,75.6173,75.67,13692791.0,75.54,76.0
2017-10-09,76.55,75.9058,75.97,11364275.0,75.86,76.29
2017-10-10,76.63,75.9058,76.33,13734627.0,76.14,76.29
2017-10-11,76.46,76.0352,76.36,14780652.0,75.95,76.42
2017-10-12,77.29,76.7316,76.49,16778148.0,76.37,77.12
2017-10-13,77.87,77.0998,77.59,15250772.0,77.29,77.49
2017-10-16,77.81,77.259,77.42,12331147.0,77.35,77.65
2017-10-17,77.62,77.1993,77.47,15953665.0,77.25,77.59
2017-10-18,77.85,77.2192,77.67,13147124.0,77.37,77.61
2017-10-19,77.93,77.5176,77.57,14982129.0,77.35,77.91
2017-10-20,78.97,78.4131,78.32,22517092.0,78.22,78.81
2017-10-23,79.34,78.433,78.99,20479731.0,78.76,78.83
2017-10-24,79.2,78.4629,78.9,16613928.0,78.46,78.86
2017-10-25,79.1,78.234,78.58,19714512.0,78.01,78.63
2017-10-26,79.42,78.3634,79.2,29181652.0,78.75,78.76
2017-10-27,86.2,83.3879,84.37,70877350.0,83.61,83.81
2017-10-30,84.33,83.4675,83.7,31291801.0,83.11,83.89
2017-10-31,84.36,82.7611,84.36,26728947.0,83.11,83.18
2017-11-01,83.76,82.7611,83.68,22039635.0,82.88,83.18
2017-11-02,84.46,83.6267,83.35,23822964.0,83.12,84.05
2017-11-03,84.54,83.7163,84.08,17569120.0,83.4,84.14
2017-11-06,84.7,84.0446,84.2,19039847.0,84.08,84.47
2017-11-07,84.9,83.8456,84.77,17152583.0,83.93,84.27
2017-11-08,84.61,84.1342,84.14,18034170.0,83.83,84.56
2017-11-09,84.27,83.6665,84.11,20924172.0,82.9,84.09
2017-11-10,84.1,83.4476,83.79,19340435.0,83.23,83.87
2017-11-13,83.94,83.5073,83.66,14080820.0,83.46,83.93
2017-11-14,84.1,83.6267,83.5,18604034.0,82.98,84.05
2017-11-15,83.69,82.98,83.47,19097333.0,82.69,82.98
2017-11-16,83.42,83.2,83.1,20659209.0,82.94,83.2
2017-11-17,83.12,82.4,83.12,21715498.0,82.24,82.4
2017-11-20,82.59,82.53,82.4,16072495.0,82.25,82.53
2017-11-21,83.84,83.72,82.74,21237454.0,82.74,83.72
2017-11-22,83.9,83.11,83.83,20213704.0,83.04,83.11
2017-11-24,83.43,83.26,83.01,7425503.0,82.78,83.26
2017-11-27,83.98,83.87,83.31,17603760.0,83.3,83.87
2017-11-28,85.06,84.88,84.07,21162639.0,84.02,84.88
2017-11-29,84.9172,83.34,84.71,27358477.0,83.175,83.34
2017-11-30,84.52,84.17,83.51,32998408.0,83.34,84.17
2017-12-01,84.81,84.26,83.6,29387325.0,83.22,84.26
2017-12-04,84.4299,81.08,84.42,37977732.0,80.7,81.08
2017-12-05,82.68,81.59,81.34,25512120.0,80.9801,81.59
2017-12-06,83.14,82.78,81.55,24821403.0,81.43,82.78
2017-12-07,82.8,82.49,82.54,20378114.0,82.0,82.49
2017-12-08,84.58,84.16,83.63,23825056.0,83.33,84.16
2017-12-11,85.37,85.23,84.29,19909119.0,84.12,85.23
2017-12-12,86.05,85.58,85.31,23534946.0,85.08,85.58
2017-12-13,86.0,85.35,85.74,21307911.0,85.17,85.35
2017-12-14,85.8739,84.69,85.43,19080106.0,84.53,84.69
2017-12-15,87.09,86.85,85.26,52430167.0,84.88,86.85
2017-12-18,87.4999,86.38,87.12,21551076.0,86.23,86.38
2017-12-19,86.35,85.83,86.35,23241979.0,85.27,85.83
2017-12-20,86.3,85.52,86.2,23425009.0,84.71,85.52
2017-12-21,86.1,85.5,86.05,16638402.0,85.4,85.5
2017-12-22,85.63,85.51,85.4,14033977.0,84.92,85.51
2017-12-26,85.5346,85.4,85.31,9737412.0,85.03,85.4
2017-12-27,85.98,85.71,85.65,13000828.0,85.215,85.71
2017-12-28,85.93,85.72,85.9,9872795.0,85.55,85.72
2017-12-29,86.05,85.54,85.63,18162779.0,85.5,85.54
2018-01-02,86.31,85.95,86.125,21993101.0,85.5,85.95
2018-01-03,86.51,86.35,86.055,24173064.0,85.97,86.35
2018-01-04,87.66,87.11,86.59,21145985.0,86.57,87.11
2018-01-05,88.41,88.19,87.66,22526563.0,87.43,88.19
2018-01-08,88.58,88.28,88.2,20293930.0,87.6046,88.28
2018-01-09,88.7272,88.22,88.65,19390427.0,87.86,88.22
2018-01-10,88.19,87.82,87.86,18129153.0,87.41,87.82
2018-01-11,88.13,88.08,88.13,16529868.0,87.24,88.08
2018-01-12,89.78,89.6,88.67,24000439.0,88.45,89.6
2018-01-16,90.79,88.35,90.1,35945428.0,88.0104,88.35
2018-01-17,90.28,90.14,89.08,24659472.0,88.75,90.14
2018-01-18,90.67,90.1,89.8,22931303.0,89.66,90.1
2018-01-19,90.61,90.0,90.14,34896964.0,89.66,90.0
